-- Office Care Database Backup
-- Date: 2026-06-29T05:52:57.795Z

SET session_replication_role = 'replica';

-- Table: buoi_tri_lieu
TRUNCATE TABLE "buoi_tri_lieu" CASCADE;

-- No data for buoi_tri_lieu

-- Table: buoi_tri_lieu_dich_vu
TRUNCATE TABLE "buoi_tri_lieu_dich_vu" CASCADE;

-- No data for buoi_tri_lieu_dich_vu

-- Table: chuyen_gia_y_te
TRUNCATE TABLE "chuyen_gia_y_te" CASCADE;

INSERT INTO "chuyen_gia_y_te" ("id", "nguoi_dung_id", "ma_nhan_vien", "chuyen_mon_chinh", "so_nam_kinh_nghiem", "chung_chi", "mo_ta_ban_than", "anh_dai_dien_url", "trang_thai", "ngay_vao_lam", "luong_cung_ca", "luong_kpi_ca") VALUES ('20000000-0000-0000-0000-000000000005', '00000000-0000-0000-0000-000000000005', 'BS-001', 'Vật lý trị liệu & Phục hồi chức năng', 8, 'Chứng chỉ VLTL - Bộ Y Tế', 'Chuyên gia điều trị đau cơ xương khớp, phục hồi sau chấn thương thể thao.', NULL, 'hoat_dong', '2020-01-14T17:00:00.000Z', '300000', '100000');
INSERT INTO "chuyen_gia_y_te" ("id", "nguoi_dung_id", "ma_nhan_vien", "chuyen_mon_chinh", "so_nam_kinh_nghiem", "chung_chi", "mo_ta_ban_than", "anh_dai_dien_url", "trang_thai", "ngay_vao_lam", "luong_cung_ca", "luong_kpi_ca") VALUES ('20000000-0000-0000-0000-000000000006', '00000000-0000-0000-0000-000000000006', 'BS-002', 'Y học cổ truyền & Phục hồi chức năng', 6, 'Chứng chỉ YHCT - Bộ Y Tế', 'Chuyên trị liệu cột sống, chỉnh tư thế và điều trị bệnh lý nghề nghiệp.', NULL, 'hoat_dong', '2021-02-28T17:00:00.000Z', '300000', '100000');
INSERT INTO "chuyen_gia_y_te" ("id", "nguoi_dung_id", "ma_nhan_vien", "chuyen_mon_chinh", "so_nam_kinh_nghiem", "chung_chi", "mo_ta_ban_than", "anh_dai_dien_url", "trang_thai", "ngay_vao_lam", "luong_cung_ca", "luong_kpi_ca") VALUES ('20000000-0000-0000-0000-000000000007', '00000000-0000-0000-0000-000000000007', 'KTV-001', 'Massage trị liệu & Giải phóng cơ', 5, 'Chứng chỉ KTV VLTL', 'Có kinh nghiệm massage trị liệu cổ vai gáy, lưng và các bệnh nghề nghiệp.', NULL, 'hoat_dong', '2021-05-31T17:00:00.000Z', '150000', '50000');
INSERT INTO "chuyen_gia_y_te" ("id", "nguoi_dung_id", "ma_nhan_vien", "chuyen_mon_chinh", "so_nam_kinh_nghiem", "chung_chi", "mo_ta_ban_than", "anh_dai_dien_url", "trang_thai", "ngay_vao_lam", "luong_cung_ca", "luong_kpi_ca") VALUES ('20000000-0000-0000-0000-000000000008', '00000000-0000-0000-0000-000000000008', 'KTV-002', 'Kéo giãn & Điện trị liệu', 4, 'Chứng chỉ KTV VLTL', 'Chuyên sử dụng các thiết bị kéo giãn, điện xung và nhiệt trị liệu.', NULL, 'hoat_dong', '2022-01-09T17:00:00.000Z', '150000', '50000');
INSERT INTO "chuyen_gia_y_te" ("id", "nguoi_dung_id", "ma_nhan_vien", "chuyen_mon_chinh", "so_nam_kinh_nghiem", "chung_chi", "mo_ta_ban_than", "anh_dai_dien_url", "trang_thai", "ngay_vao_lam", "luong_cung_ca", "luong_kpi_ca") VALUES ('20000000-0000-0000-0000-000000000009', '00000000-0000-0000-0000-000000000009', 'KTV-003', 'Chỉnh tư thế & Vận động trị liệu', 3, 'Chứng chỉ KTV VLTL', 'Có kinh nghiệm chỉnh tư thế, hướng dẫn bài tập phục hồi.', NULL, 'hoat_dong', '2022-08-14T17:00:00.000Z', '150000', '50000');
INSERT INTO "chuyen_gia_y_te" ("id", "nguoi_dung_id", "ma_nhan_vien", "chuyen_mon_chinh", "so_nam_kinh_nghiem", "chung_chi", "mo_ta_ban_than", "anh_dai_dien_url", "trang_thai", "ngay_vao_lam", "luong_cung_ca", "luong_kpi_ca") VALUES ('20000000-0000-0000-0000-000000000010', '00000000-0000-0000-0000-000000000010', 'KTV-004', 'Massage & Liệu pháp tinh dầu', 3, 'Chứng chỉ KTV Massage', 'Chuyên các liệu pháp thư giãn, massage tinh dầu và giảm stress.', NULL, 'hoat_dong', '2023-01-31T17:00:00.000Z', '150000', '50000');

-- Table: danh_gia_dich_vu
TRUNCATE TABLE "danh_gia_dich_vu" CASCADE;

-- No data for danh_gia_dich_vu

-- Table: danh_muc_dich_vu
TRUNCATE TABLE "danh_muc_dich_vu" CASCADE;

INSERT INTO "danh_muc_dich_vu" ("id", "ten_danh_muc", "mo_ta", "thu_tu_hien_thi", "an_hien", "loai_danh_muc") VALUES ('1', 'Khám Bệnh & Lượng Giá Chuyên Sâu', 'Dịch vụ chẩn đoán lâm sàng, đo tầm vận động khớp và lập phác đồ', 1, true, 'dich_vu');
INSERT INTO "danh_muc_dich_vu" ("id", "ten_danh_muc", "mo_ta", "thu_tu_hien_thi", "an_hien", "loai_danh_muc") VALUES ('2', 'Trị Liệu Bằng Tay & Nắn Chỉnh', 'Giải phóng cơ sâu, di động khớp và nắn chỉnh cột sống', 2, true, 'dich_vu');
INSERT INTO "danh_muc_dich_vu" ("id", "ten_danh_muc", "mo_ta", "thu_tu_hien_thi", "an_hien", "loai_danh_muc") VALUES ('3', 'Vật Lý Trị Liệu Công Nghệ Cao', 'Các liệu pháp nhiệt, điện xung, siêu âm, laser công suất cao và sóng xung kích', 3, true, 'dich_vu');
INSERT INTO "danh_muc_dich_vu" ("id", "ten_danh_muc", "mo_ta", "thu_tu_hien_thi", "an_hien", "loai_danh_muc") VALUES ('4', 'Vận Động Trị Liệu Phục Hồi Chức Năng', 'Tập vận động tích cực ổn định hệ cơ lõi và phục hồi dáng đi', 4, true, 'dich_vu');
INSERT INTO "danh_muc_dich_vu" ("id", "ten_danh_muc", "mo_ta", "thu_tu_hien_thi", "an_hien", "loai_danh_muc") VALUES ('5', 'Gói Trị Liệu Cột Sống & Cổ Vai Gáy', 'Các gói combo trị liệu giảm áp đĩa đệm, giải phóng chèn ép rễ thần kinh', 5, true, 'goi_dich_vu');
INSERT INTO "danh_muc_dich_vu" ("id", "ten_danh_muc", "mo_ta", "thu_tu_hien_thi", "an_hien", "loai_danh_muc") VALUES ('6', 'Gói Cơ Xương Khớp & Chấn Thương', 'Các gói liệu trình phục hồi chấn thương khớp gối, viêm gân cấp, PHCN dáng đi', 6, true, 'goi_dich_vu');

-- Table: danh_muc_thiet_bi
TRUNCATE TABLE "danh_muc_thiet_bi" CASCADE;

INSERT INTO "danh_muc_thiet_bi" ("id", "ten_danh_muc", "ten_thiet_bi") VALUES (81, 'sieu_am', 'Máy siêu âm điều trị');
INSERT INTO "danh_muc_thiet_bi" ("id", "ten_danh_muc", "ten_thiet_bi") VALUES (83, 'shockwave', 'Máy sóng xung kích Shockwave');
INSERT INTO "danh_muc_thiet_bi" ("id", "ten_danh_muc", "ten_thiet_bi") VALUES (85, 'giuong_thuong', 'Giường trị liệu thường');
INSERT INTO "danh_muc_thiet_bi" ("id", "ten_danh_muc", "ten_thiet_bi") VALUES (88, 'dien_xung', 'Máy điện xung trị liệu');
INSERT INTO "danh_muc_thiet_bi" ("id", "ten_danh_muc", "ten_thiet_bi") VALUES (90, 'giuong_keo_gian', 'Giường kéo giãn tự động');
INSERT INTO "danh_muc_thiet_bi" ("id", "ten_danh_muc", "ten_thiet_bi") VALUES (97, 'laser', 'Máy Laser công suất cao');

-- Table: dich_vu
TRUNCATE TABLE "dich_vu" CASCADE;

INSERT INTO "dich_vu" ("id", "danh_muc_id", "ten_dich_vu", "mo_ta", "thoi_luong_phut", "don_gia", "hinh_anh_url", "trang_thai", "thu_tu_hien_thi", "loai_phong_yeu_cau") VALUES ('d1000000-0000-0000-0000-000000000001', '1', 'Khám lâm sàng & Lượng giá chức năng cơ xương khớp', 'Bác sĩ kiểm tra tầm vận động, sức mạnh cơ và lập phác đồ trị liệu', 30, '200000', NULL, 'hoat_dong', 1, 'kham_benh');
INSERT INTO "dich_vu" ("id", "danh_muc_id", "ten_dich_vu", "mo_ta", "thoi_luong_phut", "don_gia", "hinh_anh_url", "trang_thai", "thu_tu_hien_thi", "loai_phong_yeu_cau") VALUES ('d2000000-0000-0000-0000-000000000001', '2', 'Trị liệu giải phóng cơ sâu & màng cơ - Myofascial Release', 'Giải phóng căng thẳng các điểm đau kích hoạt vùng cổ vai gáy và thắt lưng', 45, '350000', NULL, 'hoat_dong', 2, 'phong_tri_lieu_chuan');
INSERT INTO "dich_vu" ("id", "danh_muc_id", "ten_dich_vu", "mo_ta", "thoi_luong_phut", "don_gia", "hinh_anh_url", "trang_thai", "thu_tu_hien_thi", "loai_phong_yeu_cau") VALUES ('d2000000-0000-0000-0000-000000000002', '2', 'Di động khớp & Nắn chỉnh cột sống - Chiropractic', 'Khôi phục tầm vận động của các đốt sống khớp và cải thiện hệ thần kinh', 30, '400000', NULL, 'hoat_dong', 3, 'phong_tri_lieu_chuan');
INSERT INTO "dich_vu" ("id", "danh_muc_id", "ten_dich_vu", "mo_ta", "thoi_luong_phut", "don_gia", "hinh_anh_url", "trang_thai", "thu_tu_hien_thi", "loai_phong_yeu_cau") VALUES ('d3000000-0000-0000-0000-000000000001', '3', 'Trị liệu Laser công suất cao giảm sưng viêm', 'Kích thích sinh học tế bào giúp lành thương nhanh vùng gân, dây chằng', 15, '250000', NULL, 'hoat_dong', 4, 'phong_tri_lieu_chuan');
INSERT INTO "dich_vu" ("id", "danh_muc_id", "ten_dich_vu", "mo_ta", "thoi_luong_phut", "don_gia", "hinh_anh_url", "trang_thai", "thu_tu_hien_thi", "loai_phong_yeu_cau") VALUES ('d3000000-0000-0000-0000-000000000002', '3', 'Trị liệu sóng xung kích hội tụ - Focused Shockwave', 'Phá tan xơ hóa, thúc đẩy tái tạo mạch máu mới vùng gót chân, khớp gối', 20, '300000', NULL, 'hoat_dong', 5, 'phong_tri_lieu_chuan');
INSERT INTO "dich_vu" ("id", "danh_muc_id", "ten_dich_vu", "mo_ta", "thoi_luong_phut", "don_gia", "hinh_anh_url", "trang_thai", "thu_tu_hien_thi", "loai_phong_yeu_cau") VALUES ('d3000000-0000-0000-0000-000000000003', '3', 'Siêu âm trị liệu sâu giải áp điểm đau cơ', 'Nhiệt sâu cơ học giúp tăng tuần hoàn cục bộ và giảm co thắt cơ', 15, '200000', NULL, 'hoat_dong', 6, 'phong_tri_lieu_chuan');
INSERT INTO "dich_vu" ("id", "danh_muc_id", "ten_dich_vu", "mo_ta", "thoi_luong_phut", "don_gia", "hinh_anh_url", "trang_thai", "thu_tu_hien_thi", "loai_phong_yeu_cau") VALUES ('d3000000-0000-0000-0000-000000000004', '3', 'Kéo giãn cột sống cổ/thắt lưng giải áp đĩa đệm', 'Kéo giãn cơ học giúp gia tăng khoảng cách đốt sống và giảm chèn ép rễ thần kinh', 20, '200000', NULL, 'hoat_dong', 7, 'phong_tri_lieu_chuan');
INSERT INTO "dich_vu" ("id", "danh_muc_id", "ten_dich_vu", "mo_ta", "thoi_luong_phut", "don_gia", "hinh_anh_url", "trang_thai", "thu_tu_hien_thi", "loai_phong_yeu_cau") VALUES ('d4000000-0000-0000-0000-000000000001', '4', 'Tập vận động phục hồi chức năng chuyên biệt - Kinetic Rehab', 'Các bài tập kéo giãn cơ chủ động, củng cố sức mạnh nhóm cơ yếu dưới sự giám sát', 45, '300000', NULL, 'hoat_dong', 8, 'phong_tap_phcn');
INSERT INTO "dich_vu" ("id", "danh_muc_id", "ten_dich_vu", "mo_ta", "thoi_luong_phut", "don_gia", "hinh_anh_url", "trang_thai", "thu_tu_hien_thi", "loai_phong_yeu_cau") VALUES ('d4000000-0000-0000-0000-000000000002', '4', 'Tập ổn định khớp & Phục hồi chức năng cột sống cổ vai gáy', 'Cải thiện tư thế, gia tăng sức mạnh hệ cơ lõi và cơ ổn định cột sống cổ', 45, '300000', NULL, 'hoat_dong', 9, 'phong_tap_phcn');

-- Table: goi_dich_vu
TRUNCATE TABLE "goi_dich_vu" CASCADE;

INSERT INTO "goi_dich_vu" ("id", "ten_goi", "ma_goi", "mo_ta", "tong_so_buoi", "gia_goi", "gia_goc", "han_dung_thang", "hien_thi_website", "trang_thai", "thoi_gian_tao", "danh_muc_id", "thoi_luong_buoi_phut") VALUES ('c1000000-0000-0000-0000-000000000001', 'Gói Phục Hồi Cột Sống & Đau Vai Gáy Chuyên Sâu', 'GOI-VAIGAY-BASIC', 'Liệu trình giảm co thắt, phục hồi tầm vận động vùng vai gáy và giải chèn ép rễ thần kinh cánh tay.', 8, '3200000', '4000000', 6, true, 'hoat_dong', '2026-06-29T05:48:14.959Z', '5', 60);
INSERT INTO "goi_dich_vu" ("id", "ten_goi", "ma_goi", "mo_ta", "tong_so_buoi", "gia_goi", "gia_goc", "han_dung_thang", "hien_thi_website", "trang_thai", "thoi_gian_tao", "danh_muc_id", "thoi_luong_buoi_phut") VALUES ('c1000000-0000-0000-0000-000000000002', 'Gói Trị Liệu Thoát Vị Đĩa Đệm Giải Áp Cột Sống Thắt Lưng', 'GOI-DIA-DEM', 'Phác đồ kết hợp di động cột sống bằng tay, máy kéo giãn áp lực âm và tập ổn định nhóm cơ lõi cốt lõi.', 10, '4500000', '5500000', 6, true, 'hoat_dong', '2026-06-29T05:48:14.959Z', '5', 60);
INSERT INTO "goi_dich_vu" ("id", "ten_goi", "ma_goi", "mo_ta", "tong_so_buoi", "gia_goi", "gia_goc", "han_dung_thang", "hien_thi_website", "trang_thai", "thoi_gian_tao", "danh_muc_id", "thoi_luong_buoi_phut") VALUES ('c1000000-0000-0000-0000-000000000003', 'Gói Phục Hồi Chấn Thương Thể Thao & Viêm Gân Cấp', 'GOI-THE-THAO', 'Tập trung trị liệu giảm đau nhanh bằng laser công suất cao kết hợp sóng xung kích hội tụ và PHCN khớp gối/cổ chân.', 12, '5400000', '6600000', 6, true, 'hoat_dong', '2026-06-29T05:48:14.959Z', '6', 60);

-- Table: goi_dich_vu_chi_tiet
TRUNCATE TABLE "goi_dich_vu_chi_tiet" CASCADE;

INSERT INTO "goi_dich_vu_chi_tiet" ("id", "goi_dich_vu_id", "dich_vu_id", "thu_tu_thuc_hien") VALUES (137, 'c1000000-0000-0000-0000-000000000001', 'd2000000-0000-0000-0000-000000000001', 1);
INSERT INTO "goi_dich_vu_chi_tiet" ("id", "goi_dich_vu_id", "dich_vu_id", "thu_tu_thuc_hien") VALUES (138, 'c1000000-0000-0000-0000-000000000001', 'd3000000-0000-0000-0000-000000000003', 2);
INSERT INTO "goi_dich_vu_chi_tiet" ("id", "goi_dich_vu_id", "dich_vu_id", "thu_tu_thuc_hien") VALUES (139, 'c1000000-0000-0000-0000-000000000001', 'd4000000-0000-0000-0000-000000000002', 3);
INSERT INTO "goi_dich_vu_chi_tiet" ("id", "goi_dich_vu_id", "dich_vu_id", "thu_tu_thuc_hien") VALUES (140, 'c1000000-0000-0000-0000-000000000002', 'd2000000-0000-0000-0000-000000000002', 1);
INSERT INTO "goi_dich_vu_chi_tiet" ("id", "goi_dich_vu_id", "dich_vu_id", "thu_tu_thuc_hien") VALUES (141, 'c1000000-0000-0000-0000-000000000002', 'd3000000-0000-0000-0000-000000000004', 2);
INSERT INTO "goi_dich_vu_chi_tiet" ("id", "goi_dich_vu_id", "dich_vu_id", "thu_tu_thuc_hien") VALUES (142, 'c1000000-0000-0000-0000-000000000002', 'd4000000-0000-0000-0000-000000000001', 3);
INSERT INTO "goi_dich_vu_chi_tiet" ("id", "goi_dich_vu_id", "dich_vu_id", "thu_tu_thuc_hien") VALUES (143, 'c1000000-0000-0000-0000-000000000003', 'd3000000-0000-0000-0000-000000000001', 1);
INSERT INTO "goi_dich_vu_chi_tiet" ("id", "goi_dich_vu_id", "dich_vu_id", "thu_tu_thuc_hien") VALUES (144, 'c1000000-0000-0000-0000-000000000003', 'd3000000-0000-0000-0000-000000000002', 2);
INSERT INTO "goi_dich_vu_chi_tiet" ("id", "goi_dich_vu_id", "dich_vu_id", "thu_tu_thuc_hien") VALUES (145, 'c1000000-0000-0000-0000-000000000003', 'd4000000-0000-0000-0000-000000000001', 3);

-- Table: ho_so_dieu_tri
TRUNCATE TABLE "ho_so_dieu_tri" CASCADE;

-- No data for ho_so_dieu_tri

-- Table: hoa_don
TRUNCATE TABLE "hoa_don" CASCADE;

-- No data for hoa_don

-- Table: khach_hang
TRUNCATE TABLE "khach_hang" CASCADE;

INSERT INTO "khach_hang" ("id", "ho_ten", "email", "so_dien_thoai", "mat_khau_hash", "trang_thai", "da_xac_thuc_email", "avatar_url", "lan_dang_nhap_cuoi", "ngay_sinh", "gioi_tinh", "dia_chi", "thoi_gian_tao", "deleted_at") VALUES ('10000000-0000-0000-0000-000000000011', 'Nguyễn Văn An', 'kh1@gmail.com', '0912000011', '$2b$10$fmDzCTKr9D/J1LPUHTiVROE3Zoa4wASi4gho4xPNpJCOJM0sU0z.S', 'hoat_dong', true, NULL, NULL, '1988-03-14T17:00:00.000Z', 'nam', '12 Nguyễn Huệ, Q1, TP.HCM', '2026-06-29T03:59:16.308Z', NULL);
INSERT INTO "khach_hang" ("id", "ho_ten", "email", "so_dien_thoai", "mat_khau_hash", "trang_thai", "da_xac_thuc_email", "avatar_url", "lan_dang_nhap_cuoi", "ngay_sinh", "gioi_tinh", "dia_chi", "thoi_gian_tao", "deleted_at") VALUES ('10000000-0000-0000-0000-000000000012', 'Trần Thị Bảo', 'kh2@gmail.com', '0912000012', '$2b$10$fmDzCTKr9D/J1LPUHTiVROE3Zoa4wASi4gho4xPNpJCOJM0sU0z.S', 'hoat_dong', true, NULL, NULL, '1992-07-21T17:00:00.000Z', 'nu', '45 Lê Lợi, Q1, TP.HCM', '2026-06-29T03:59:16.308Z', NULL);
INSERT INTO "khach_hang" ("id", "ho_ten", "email", "so_dien_thoai", "mat_khau_hash", "trang_thai", "da_xac_thuc_email", "avatar_url", "lan_dang_nhap_cuoi", "ngay_sinh", "gioi_tinh", "dia_chi", "thoi_gian_tao", "deleted_at") VALUES ('10000000-0000-0000-0000-000000000013', 'Lê Quang Cường', 'kh3@gmail.com', '0912000013', '$2b$10$fmDzCTKr9D/J1LPUHTiVROE3Zoa4wASi4gho4xPNpJCOJM0sU0z.S', 'hoat_dong', true, NULL, NULL, '1985-11-07T17:00:00.000Z', 'nam', '78 Trần Hưng Đạo, Q5, TP.HCM', '2026-06-29T03:59:16.308Z', NULL);
INSERT INTO "khach_hang" ("id", "ho_ten", "email", "so_dien_thoai", "mat_khau_hash", "trang_thai", "da_xac_thuc_email", "avatar_url", "lan_dang_nhap_cuoi", "ngay_sinh", "gioi_tinh", "dia_chi", "thoi_gian_tao", "deleted_at") VALUES ('10000000-0000-0000-0000-000000000014', 'Phạm Thị Dung', 'kh4@gmail.com', '0912000014', '$2b$10$fmDzCTKr9D/J1LPUHTiVROE3Zoa4wASi4gho4xPNpJCOJM0sU0z.S', 'hoat_dong', true, NULL, NULL, '1995-04-29T17:00:00.000Z', 'nu', '23 Điện Biên Phủ, Q3, TP.HCM', '2026-06-29T03:59:16.308Z', NULL);
INSERT INTO "khach_hang" ("id", "ho_ten", "email", "so_dien_thoai", "mat_khau_hash", "trang_thai", "da_xac_thuc_email", "avatar_url", "lan_dang_nhap_cuoi", "ngay_sinh", "gioi_tinh", "dia_chi", "thoi_gian_tao", "deleted_at") VALUES ('10000000-0000-0000-0000-000000000015', 'Hoàng Văn Đức', 'kh5@gmail.com', '0912000015', '$2b$10$fmDzCTKr9D/J1LPUHTiVROE3Zoa4wASi4gho4xPNpJCOJM0sU0z.S', 'hoat_dong', true, NULL, NULL, '1990-09-16T17:00:00.000Z', 'nam', '56 Võ Văn Tần, Q3, TP.HCM', '2026-06-29T03:59:16.308Z', NULL);
INSERT INTO "khach_hang" ("id", "ho_ten", "email", "so_dien_thoai", "mat_khau_hash", "trang_thai", "da_xac_thuc_email", "avatar_url", "lan_dang_nhap_cuoi", "ngay_sinh", "gioi_tinh", "dia_chi", "thoi_gian_tao", "deleted_at") VALUES ('b87cad0c-8ddd-482d-8f80-15d44fcdda30', 'Trần Vinh', 'vinhtcpd09969@gmail.com', NULL, '$2b$10$SJulWbs6obEXBmXzUtHnJ.wx4JD2RYeH6z0JvxpAkymN0O2y5Wcxi', 'hoat_dong', true, NULL, '2026-06-29T04:31:56.173Z', NULL, NULL, NULL, '2026-06-29T04:31:21.946Z', NULL);
INSERT INTO "khach_hang" ("id", "ho_ten", "email", "so_dien_thoai", "mat_khau_hash", "trang_thai", "da_xac_thuc_email", "avatar_url", "lan_dang_nhap_cuoi", "ngay_sinh", "gioi_tinh", "dia_chi", "thoi_gian_tao", "deleted_at") VALUES ('a96f5da1-d637-43b8-b56d-ca5c7f8ab4b2', 'kinquan', 'kinquan0506@gmail.com', NULL, '$2b$10$7uPEmD72Njv/dMNDeWd9hOvjyzymJwp46xBaQKXgSXiSe1R8HWKRS', 'hoat_dong', true, NULL, '2026-06-29T04:48:11.766Z', NULL, NULL, NULL, '2026-06-29T04:47:25.094Z', NULL);
INSERT INTO "khach_hang" ("id", "ho_ten", "email", "so_dien_thoai", "mat_khau_hash", "trang_thai", "da_xac_thuc_email", "avatar_url", "lan_dang_nhap_cuoi", "ngay_sinh", "gioi_tinh", "dia_chi", "thoi_gian_tao", "deleted_at") VALUES ('e030da5b-2b2c-4c7b-bc15-576577f37840', 'kin huynh', 'kindc0506@gmail.com', NULL, '$2b$10$Pzgovhsm.L03PsXRzXfe8.7ev4EUle7fs8/yqQbjDZon7whPBqcxi', 'hoat_dong', true, NULL, '2026-06-29T04:56:27.769Z', NULL, NULL, NULL, '2026-06-29T04:55:58.541Z', NULL);

-- Table: lich_dat
TRUNCATE TABLE "lich_dat" CASCADE;

-- No data for lich_dat

-- Table: lich_dieu_tri
TRUNCATE TABLE "lich_dieu_tri" CASCADE;

-- No data for lich_dieu_tri

-- Table: lich_lam_viec
TRUNCATE TABLE "lich_lam_viec" CASCADE;

INSERT INTO "lich_lam_viec" ("id", "nguoi_dung_id", "ngay", "gio_bat_dau", "gio_ket_thuc", "trang_thai", "thoi_gian_checkin", "thoi_gian_checkout", "trang_thai_cham_cong", "phong_id", "giuong_so") VALUES ('483a9e43-1dfe-4e96-b3b4-afeb8f2381d9', '00000000-0000-0000-0000-000000000005', '2026-06-28T17:00:00.000Z', '08:00:00', '17:00:00', 'hoat_dong', NULL, NULL, NULL, '1', NULL);
INSERT INTO "lich_lam_viec" ("id", "nguoi_dung_id", "ngay", "gio_bat_dau", "gio_ket_thuc", "trang_thai", "thoi_gian_checkin", "thoi_gian_checkout", "trang_thai_cham_cong", "phong_id", "giuong_so") VALUES ('a8c6f676-a610-437a-b799-f0be0f7b9732', '00000000-0000-0000-0000-000000000006', '2026-06-28T17:00:00.000Z', '08:00:00', '17:00:00', 'hoat_dong', NULL, NULL, NULL, '2', NULL);
INSERT INTO "lich_lam_viec" ("id", "nguoi_dung_id", "ngay", "gio_bat_dau", "gio_ket_thuc", "trang_thai", "thoi_gian_checkin", "thoi_gian_checkout", "trang_thai_cham_cong", "phong_id", "giuong_so") VALUES ('ceae06c7-0bea-41ce-9c75-7c77d266cf90', '00000000-0000-0000-0000-000000000007', '2026-06-28T17:00:00.000Z', '08:00:00', '17:00:00', 'hoat_dong', NULL, NULL, NULL, '7', 1);
INSERT INTO "lich_lam_viec" ("id", "nguoi_dung_id", "ngay", "gio_bat_dau", "gio_ket_thuc", "trang_thai", "thoi_gian_checkin", "thoi_gian_checkout", "trang_thai_cham_cong", "phong_id", "giuong_so") VALUES ('48d19fae-40da-4238-80a0-8aa5c91c45a6', '00000000-0000-0000-0000-000000000008', '2026-06-28T17:00:00.000Z', '08:00:00', '17:00:00', 'hoat_dong', NULL, NULL, NULL, '4', 1);
INSERT INTO "lich_lam_viec" ("id", "nguoi_dung_id", "ngay", "gio_bat_dau", "gio_ket_thuc", "trang_thai", "thoi_gian_checkin", "thoi_gian_checkout", "trang_thai_cham_cong", "phong_id", "giuong_so") VALUES ('8ad2817e-9157-4a6c-84ec-3c43e3f6d960', '00000000-0000-0000-0000-000000000009', '2026-06-28T17:00:00.000Z', '08:00:00', '17:00:00', 'hoat_dong', NULL, NULL, NULL, '5', 1);
INSERT INTO "lich_lam_viec" ("id", "nguoi_dung_id", "ngay", "gio_bat_dau", "gio_ket_thuc", "trang_thai", "thoi_gian_checkin", "thoi_gian_checkout", "trang_thai_cham_cong", "phong_id", "giuong_so") VALUES ('c38eb22c-0eca-4a88-b85d-1e21294816b9', '00000000-0000-0000-0000-000000000010', '2026-06-28T17:00:00.000Z', '08:00:00', '17:00:00', 'hoat_dong', NULL, NULL, NULL, '3', 1);
INSERT INTO "lich_lam_viec" ("id", "nguoi_dung_id", "ngay", "gio_bat_dau", "gio_ket_thuc", "trang_thai", "thoi_gian_checkin", "thoi_gian_checkout", "trang_thai_cham_cong", "phong_id", "giuong_so") VALUES ('c9acb0b5-1479-40c7-9e38-a2c91f9d2113', '00000000-0000-0000-0000-000000000005', '2026-06-29T17:00:00.000Z', '08:00:00', '17:00:00', 'hoat_dong', NULL, NULL, NULL, '1', NULL);
INSERT INTO "lich_lam_viec" ("id", "nguoi_dung_id", "ngay", "gio_bat_dau", "gio_ket_thuc", "trang_thai", "thoi_gian_checkin", "thoi_gian_checkout", "trang_thai_cham_cong", "phong_id", "giuong_so") VALUES ('b15eae28-2d9e-4554-b54b-160502ca398f', '00000000-0000-0000-0000-000000000006', '2026-06-29T17:00:00.000Z', '08:00:00', '17:00:00', 'hoat_dong', NULL, NULL, NULL, '2', NULL);
INSERT INTO "lich_lam_viec" ("id", "nguoi_dung_id", "ngay", "gio_bat_dau", "gio_ket_thuc", "trang_thai", "thoi_gian_checkin", "thoi_gian_checkout", "trang_thai_cham_cong", "phong_id", "giuong_so") VALUES ('d2fef09c-831a-4b4f-80be-6ec0f4d692a1', '00000000-0000-0000-0000-000000000007', '2026-06-29T17:00:00.000Z', '08:00:00', '17:00:00', 'hoat_dong', NULL, NULL, NULL, '7', 1);
INSERT INTO "lich_lam_viec" ("id", "nguoi_dung_id", "ngay", "gio_bat_dau", "gio_ket_thuc", "trang_thai", "thoi_gian_checkin", "thoi_gian_checkout", "trang_thai_cham_cong", "phong_id", "giuong_so") VALUES ('bf15b8e6-3440-401f-a218-f57e6003202d', '00000000-0000-0000-0000-000000000008', '2026-06-29T17:00:00.000Z', '08:00:00', '17:00:00', 'hoat_dong', NULL, NULL, NULL, '4', 1);
INSERT INTO "lich_lam_viec" ("id", "nguoi_dung_id", "ngay", "gio_bat_dau", "gio_ket_thuc", "trang_thai", "thoi_gian_checkin", "thoi_gian_checkout", "trang_thai_cham_cong", "phong_id", "giuong_so") VALUES ('32c60c94-8c6e-4a67-ab8d-5265dfe46ae5', '00000000-0000-0000-0000-000000000009', '2026-06-29T17:00:00.000Z', '08:00:00', '17:00:00', 'hoat_dong', NULL, NULL, NULL, '5', 1);
INSERT INTO "lich_lam_viec" ("id", "nguoi_dung_id", "ngay", "gio_bat_dau", "gio_ket_thuc", "trang_thai", "thoi_gian_checkin", "thoi_gian_checkout", "trang_thai_cham_cong", "phong_id", "giuong_so") VALUES ('ab308f73-dab7-4a69-9268-815959ad8157', '00000000-0000-0000-0000-000000000010', '2026-06-29T17:00:00.000Z', '08:00:00', '17:00:00', 'hoat_dong', NULL, NULL, NULL, '3', 1);
INSERT INTO "lich_lam_viec" ("id", "nguoi_dung_id", "ngay", "gio_bat_dau", "gio_ket_thuc", "trang_thai", "thoi_gian_checkin", "thoi_gian_checkout", "trang_thai_cham_cong", "phong_id", "giuong_so") VALUES ('708fbd7f-43cf-4ea3-b16b-0093488ec0e6', '00000000-0000-0000-0000-000000000005', '2026-06-30T17:00:00.000Z', '08:00:00', '17:00:00', 'hoat_dong', NULL, NULL, NULL, '1', NULL);
INSERT INTO "lich_lam_viec" ("id", "nguoi_dung_id", "ngay", "gio_bat_dau", "gio_ket_thuc", "trang_thai", "thoi_gian_checkin", "thoi_gian_checkout", "trang_thai_cham_cong", "phong_id", "giuong_so") VALUES ('d83584c4-7829-4db1-9dfd-b8fd603ef100', '00000000-0000-0000-0000-000000000006', '2026-06-30T17:00:00.000Z', '08:00:00', '17:00:00', 'hoat_dong', NULL, NULL, NULL, '2', NULL);
INSERT INTO "lich_lam_viec" ("id", "nguoi_dung_id", "ngay", "gio_bat_dau", "gio_ket_thuc", "trang_thai", "thoi_gian_checkin", "thoi_gian_checkout", "trang_thai_cham_cong", "phong_id", "giuong_so") VALUES ('48cfd1c3-2a8d-48a4-bf2d-35820012c953', '00000000-0000-0000-0000-000000000007', '2026-06-30T17:00:00.000Z', '08:00:00', '17:00:00', 'hoat_dong', NULL, NULL, NULL, '7', 1);
INSERT INTO "lich_lam_viec" ("id", "nguoi_dung_id", "ngay", "gio_bat_dau", "gio_ket_thuc", "trang_thai", "thoi_gian_checkin", "thoi_gian_checkout", "trang_thai_cham_cong", "phong_id", "giuong_so") VALUES ('51b0cae9-c4f7-4392-affa-0177e7bf2c64', '00000000-0000-0000-0000-000000000008', '2026-06-30T17:00:00.000Z', '08:00:00', '17:00:00', 'hoat_dong', NULL, NULL, NULL, '4', 1);
INSERT INTO "lich_lam_viec" ("id", "nguoi_dung_id", "ngay", "gio_bat_dau", "gio_ket_thuc", "trang_thai", "thoi_gian_checkin", "thoi_gian_checkout", "trang_thai_cham_cong", "phong_id", "giuong_so") VALUES ('ecb76fad-d34b-4784-8c29-4bfe3bd429c8', '00000000-0000-0000-0000-000000000009', '2026-06-30T17:00:00.000Z', '08:00:00', '17:00:00', 'hoat_dong', NULL, NULL, NULL, '5', 1);
INSERT INTO "lich_lam_viec" ("id", "nguoi_dung_id", "ngay", "gio_bat_dau", "gio_ket_thuc", "trang_thai", "thoi_gian_checkin", "thoi_gian_checkout", "trang_thai_cham_cong", "phong_id", "giuong_so") VALUES ('1623969f-3dac-4208-b8fa-89ebb369c182', '00000000-0000-0000-0000-000000000010', '2026-06-30T17:00:00.000Z', '08:00:00', '17:00:00', 'hoat_dong', NULL, NULL, NULL, '3', 1);
INSERT INTO "lich_lam_viec" ("id", "nguoi_dung_id", "ngay", "gio_bat_dau", "gio_ket_thuc", "trang_thai", "thoi_gian_checkin", "thoi_gian_checkout", "trang_thai_cham_cong", "phong_id", "giuong_so") VALUES ('7a2be6f6-008c-4d3a-9137-ecb0a22b4d72', '00000000-0000-0000-0000-000000000005', '2026-07-01T17:00:00.000Z', '08:00:00', '17:00:00', 'hoat_dong', NULL, NULL, NULL, '1', NULL);
INSERT INTO "lich_lam_viec" ("id", "nguoi_dung_id", "ngay", "gio_bat_dau", "gio_ket_thuc", "trang_thai", "thoi_gian_checkin", "thoi_gian_checkout", "trang_thai_cham_cong", "phong_id", "giuong_so") VALUES ('efb17a22-1e48-4bd7-8bbe-bbfc8457a25d', '00000000-0000-0000-0000-000000000006', '2026-07-01T17:00:00.000Z', '08:00:00', '17:00:00', 'hoat_dong', NULL, NULL, NULL, '2', NULL);
INSERT INTO "lich_lam_viec" ("id", "nguoi_dung_id", "ngay", "gio_bat_dau", "gio_ket_thuc", "trang_thai", "thoi_gian_checkin", "thoi_gian_checkout", "trang_thai_cham_cong", "phong_id", "giuong_so") VALUES ('d9ca7362-0b9d-4840-bd79-32e285d68750', '00000000-0000-0000-0000-000000000007', '2026-07-01T17:00:00.000Z', '08:00:00', '17:00:00', 'hoat_dong', NULL, NULL, NULL, '7', 1);
INSERT INTO "lich_lam_viec" ("id", "nguoi_dung_id", "ngay", "gio_bat_dau", "gio_ket_thuc", "trang_thai", "thoi_gian_checkin", "thoi_gian_checkout", "trang_thai_cham_cong", "phong_id", "giuong_so") VALUES ('502955e6-a164-4321-bd53-2578ee98f0cf', '00000000-0000-0000-0000-000000000008', '2026-07-01T17:00:00.000Z', '08:00:00', '17:00:00', 'hoat_dong', NULL, NULL, NULL, '4', 1);
INSERT INTO "lich_lam_viec" ("id", "nguoi_dung_id", "ngay", "gio_bat_dau", "gio_ket_thuc", "trang_thai", "thoi_gian_checkin", "thoi_gian_checkout", "trang_thai_cham_cong", "phong_id", "giuong_so") VALUES ('5a0a4f41-81e7-49ec-9dce-fdc2ee957033', '00000000-0000-0000-0000-000000000009', '2026-07-01T17:00:00.000Z', '08:00:00', '17:00:00', 'hoat_dong', NULL, NULL, NULL, '5', 1);
INSERT INTO "lich_lam_viec" ("id", "nguoi_dung_id", "ngay", "gio_bat_dau", "gio_ket_thuc", "trang_thai", "thoi_gian_checkin", "thoi_gian_checkout", "trang_thai_cham_cong", "phong_id", "giuong_so") VALUES ('7af9eb93-13b3-49cf-8f3b-8cfccd98b2b5', '00000000-0000-0000-0000-000000000010', '2026-07-01T17:00:00.000Z', '08:00:00', '17:00:00', 'hoat_dong', NULL, NULL, NULL, '3', 1);
INSERT INTO "lich_lam_viec" ("id", "nguoi_dung_id", "ngay", "gio_bat_dau", "gio_ket_thuc", "trang_thai", "thoi_gian_checkin", "thoi_gian_checkout", "trang_thai_cham_cong", "phong_id", "giuong_so") VALUES ('38de313c-ea55-4764-89ca-ee39d30c7f1a', '00000000-0000-0000-0000-000000000005', '2026-07-02T17:00:00.000Z', '08:00:00', '17:00:00', 'hoat_dong', NULL, NULL, NULL, '1', NULL);
INSERT INTO "lich_lam_viec" ("id", "nguoi_dung_id", "ngay", "gio_bat_dau", "gio_ket_thuc", "trang_thai", "thoi_gian_checkin", "thoi_gian_checkout", "trang_thai_cham_cong", "phong_id", "giuong_so") VALUES ('c0c64499-aabe-4fa3-884a-ca6c47a46a68', '00000000-0000-0000-0000-000000000006', '2026-07-02T17:00:00.000Z', '08:00:00', '17:00:00', 'hoat_dong', NULL, NULL, NULL, '2', NULL);
INSERT INTO "lich_lam_viec" ("id", "nguoi_dung_id", "ngay", "gio_bat_dau", "gio_ket_thuc", "trang_thai", "thoi_gian_checkin", "thoi_gian_checkout", "trang_thai_cham_cong", "phong_id", "giuong_so") VALUES ('40b5aa50-7a04-49bd-91f9-9312ed0280d7', '00000000-0000-0000-0000-000000000007', '2026-07-02T17:00:00.000Z', '08:00:00', '17:00:00', 'hoat_dong', NULL, NULL, NULL, '7', 1);
INSERT INTO "lich_lam_viec" ("id", "nguoi_dung_id", "ngay", "gio_bat_dau", "gio_ket_thuc", "trang_thai", "thoi_gian_checkin", "thoi_gian_checkout", "trang_thai_cham_cong", "phong_id", "giuong_so") VALUES ('19dc41b8-0d75-4059-bd28-d07eb73de1ff', '00000000-0000-0000-0000-000000000008', '2026-07-02T17:00:00.000Z', '08:00:00', '17:00:00', 'hoat_dong', NULL, NULL, NULL, '4', 1);
INSERT INTO "lich_lam_viec" ("id", "nguoi_dung_id", "ngay", "gio_bat_dau", "gio_ket_thuc", "trang_thai", "thoi_gian_checkin", "thoi_gian_checkout", "trang_thai_cham_cong", "phong_id", "giuong_so") VALUES ('8a68a714-0263-40f0-be01-14f5a42984d3', '00000000-0000-0000-0000-000000000009', '2026-07-02T17:00:00.000Z', '08:00:00', '17:00:00', 'hoat_dong', NULL, NULL, NULL, '5', 1);
INSERT INTO "lich_lam_viec" ("id", "nguoi_dung_id", "ngay", "gio_bat_dau", "gio_ket_thuc", "trang_thai", "thoi_gian_checkin", "thoi_gian_checkout", "trang_thai_cham_cong", "phong_id", "giuong_so") VALUES ('ab131a32-eedb-4013-ac3b-55e8f17673bf', '00000000-0000-0000-0000-000000000010', '2026-07-02T17:00:00.000Z', '08:00:00', '17:00:00', 'hoat_dong', NULL, NULL, NULL, '3', 1);
INSERT INTO "lich_lam_viec" ("id", "nguoi_dung_id", "ngay", "gio_bat_dau", "gio_ket_thuc", "trang_thai", "thoi_gian_checkin", "thoi_gian_checkout", "trang_thai_cham_cong", "phong_id", "giuong_so") VALUES ('37175219-6781-440d-8dbb-419c71ea0aad', '00000000-0000-0000-0000-000000000005', '2026-07-03T17:00:00.000Z', '08:00:00', '17:00:00', 'hoat_dong', NULL, NULL, NULL, '1', NULL);
INSERT INTO "lich_lam_viec" ("id", "nguoi_dung_id", "ngay", "gio_bat_dau", "gio_ket_thuc", "trang_thai", "thoi_gian_checkin", "thoi_gian_checkout", "trang_thai_cham_cong", "phong_id", "giuong_so") VALUES ('89f86f02-7e26-43fe-a24b-cff38188c926', '00000000-0000-0000-0000-000000000006', '2026-07-03T17:00:00.000Z', '08:00:00', '17:00:00', 'hoat_dong', NULL, NULL, NULL, '2', NULL);
INSERT INTO "lich_lam_viec" ("id", "nguoi_dung_id", "ngay", "gio_bat_dau", "gio_ket_thuc", "trang_thai", "thoi_gian_checkin", "thoi_gian_checkout", "trang_thai_cham_cong", "phong_id", "giuong_so") VALUES ('826a5e35-8b87-4bd8-b7a0-cb8c00f42b7f', '00000000-0000-0000-0000-000000000007', '2026-07-03T17:00:00.000Z', '08:00:00', '17:00:00', 'hoat_dong', NULL, NULL, NULL, '7', 1);
INSERT INTO "lich_lam_viec" ("id", "nguoi_dung_id", "ngay", "gio_bat_dau", "gio_ket_thuc", "trang_thai", "thoi_gian_checkin", "thoi_gian_checkout", "trang_thai_cham_cong", "phong_id", "giuong_so") VALUES ('0c848c98-3856-4e49-9ab4-db5029d58ed8', '00000000-0000-0000-0000-000000000008', '2026-07-03T17:00:00.000Z', '08:00:00', '17:00:00', 'hoat_dong', NULL, NULL, NULL, '4', 1);
INSERT INTO "lich_lam_viec" ("id", "nguoi_dung_id", "ngay", "gio_bat_dau", "gio_ket_thuc", "trang_thai", "thoi_gian_checkin", "thoi_gian_checkout", "trang_thai_cham_cong", "phong_id", "giuong_so") VALUES ('67a4ebe8-daae-48e8-b014-5177645e8d39', '00000000-0000-0000-0000-000000000009', '2026-07-03T17:00:00.000Z', '08:00:00', '17:00:00', 'hoat_dong', NULL, NULL, NULL, '5', 1);
INSERT INTO "lich_lam_viec" ("id", "nguoi_dung_id", "ngay", "gio_bat_dau", "gio_ket_thuc", "trang_thai", "thoi_gian_checkin", "thoi_gian_checkout", "trang_thai_cham_cong", "phong_id", "giuong_so") VALUES ('1badafab-546b-40c5-b94c-aa4f62b31358', '00000000-0000-0000-0000-000000000010', '2026-07-03T17:00:00.000Z', '08:00:00', '17:00:00', 'hoat_dong', NULL, NULL, NULL, '3', 1);
INSERT INTO "lich_lam_viec" ("id", "nguoi_dung_id", "ngay", "gio_bat_dau", "gio_ket_thuc", "trang_thai", "thoi_gian_checkin", "thoi_gian_checkout", "trang_thai_cham_cong", "phong_id", "giuong_so") VALUES ('b3163e6f-66dc-4af3-bed0-d66c0978a411', '00000000-0000-0000-0000-000000000005', '2026-07-04T17:00:00.000Z', '08:00:00', '17:00:00', 'hoat_dong', NULL, NULL, NULL, '1', NULL);
INSERT INTO "lich_lam_viec" ("id", "nguoi_dung_id", "ngay", "gio_bat_dau", "gio_ket_thuc", "trang_thai", "thoi_gian_checkin", "thoi_gian_checkout", "trang_thai_cham_cong", "phong_id", "giuong_so") VALUES ('a6f5a45b-2e5e-4e2b-9c7c-391e4acb7b27', '00000000-0000-0000-0000-000000000006', '2026-07-04T17:00:00.000Z', '08:00:00', '17:00:00', 'hoat_dong', NULL, NULL, NULL, '2', NULL);
INSERT INTO "lich_lam_viec" ("id", "nguoi_dung_id", "ngay", "gio_bat_dau", "gio_ket_thuc", "trang_thai", "thoi_gian_checkin", "thoi_gian_checkout", "trang_thai_cham_cong", "phong_id", "giuong_so") VALUES ('98eb475f-1ce6-4869-9a32-9f8b5d6cb531', '00000000-0000-0000-0000-000000000007', '2026-07-04T17:00:00.000Z', '08:00:00', '17:00:00', 'hoat_dong', NULL, NULL, NULL, '7', 1);
INSERT INTO "lich_lam_viec" ("id", "nguoi_dung_id", "ngay", "gio_bat_dau", "gio_ket_thuc", "trang_thai", "thoi_gian_checkin", "thoi_gian_checkout", "trang_thai_cham_cong", "phong_id", "giuong_so") VALUES ('dd012ecd-34c6-453c-86f3-adce2616c082', '00000000-0000-0000-0000-000000000008', '2026-07-04T17:00:00.000Z', '08:00:00', '17:00:00', 'hoat_dong', NULL, NULL, NULL, '4', 1);
INSERT INTO "lich_lam_viec" ("id", "nguoi_dung_id", "ngay", "gio_bat_dau", "gio_ket_thuc", "trang_thai", "thoi_gian_checkin", "thoi_gian_checkout", "trang_thai_cham_cong", "phong_id", "giuong_so") VALUES ('f24bfec3-fd1f-4e9a-9ca4-d2440c244b01', '00000000-0000-0000-0000-000000000009', '2026-07-04T17:00:00.000Z', '08:00:00', '17:00:00', 'hoat_dong', NULL, NULL, NULL, '5', 1);
INSERT INTO "lich_lam_viec" ("id", "nguoi_dung_id", "ngay", "gio_bat_dau", "gio_ket_thuc", "trang_thai", "thoi_gian_checkin", "thoi_gian_checkout", "trang_thai_cham_cong", "phong_id", "giuong_so") VALUES ('79f6b2b3-d21b-45fc-9ae2-884cd4781e41', '00000000-0000-0000-0000-000000000010', '2026-07-04T17:00:00.000Z', '08:00:00', '17:00:00', 'hoat_dong', NULL, NULL, NULL, '3', 1);
INSERT INTO "lich_lam_viec" ("id", "nguoi_dung_id", "ngay", "gio_bat_dau", "gio_ket_thuc", "trang_thai", "thoi_gian_checkin", "thoi_gian_checkout", "trang_thai_cham_cong", "phong_id", "giuong_so") VALUES ('7f3d31f6-abbe-42bc-80a1-5f7d66109c09', '00000000-0000-0000-0000-000000000005', '2026-07-05T17:00:00.000Z', '08:00:00', '17:00:00', 'hoat_dong', NULL, NULL, NULL, '1', NULL);
INSERT INTO "lich_lam_viec" ("id", "nguoi_dung_id", "ngay", "gio_bat_dau", "gio_ket_thuc", "trang_thai", "thoi_gian_checkin", "thoi_gian_checkout", "trang_thai_cham_cong", "phong_id", "giuong_so") VALUES ('7d24da9c-100e-4203-b083-f74551d763a9', '00000000-0000-0000-0000-000000000006', '2026-07-05T17:00:00.000Z', '08:00:00', '17:00:00', 'hoat_dong', NULL, NULL, NULL, '2', NULL);
INSERT INTO "lich_lam_viec" ("id", "nguoi_dung_id", "ngay", "gio_bat_dau", "gio_ket_thuc", "trang_thai", "thoi_gian_checkin", "thoi_gian_checkout", "trang_thai_cham_cong", "phong_id", "giuong_so") VALUES ('c582affd-756e-4f87-a69c-eaff6e122076', '00000000-0000-0000-0000-000000000007', '2026-07-05T17:00:00.000Z', '08:00:00', '17:00:00', 'hoat_dong', NULL, NULL, NULL, '7', 1);
INSERT INTO "lich_lam_viec" ("id", "nguoi_dung_id", "ngay", "gio_bat_dau", "gio_ket_thuc", "trang_thai", "thoi_gian_checkin", "thoi_gian_checkout", "trang_thai_cham_cong", "phong_id", "giuong_so") VALUES ('c3d3b3b8-1ea0-4146-a0a0-8f4f76bbdf4e', '00000000-0000-0000-0000-000000000008', '2026-07-05T17:00:00.000Z', '08:00:00', '17:00:00', 'hoat_dong', NULL, NULL, NULL, '4', 1);
INSERT INTO "lich_lam_viec" ("id", "nguoi_dung_id", "ngay", "gio_bat_dau", "gio_ket_thuc", "trang_thai", "thoi_gian_checkin", "thoi_gian_checkout", "trang_thai_cham_cong", "phong_id", "giuong_so") VALUES ('e522c53a-f646-48d1-aba6-536f85899006', '00000000-0000-0000-0000-000000000009', '2026-07-05T17:00:00.000Z', '08:00:00', '17:00:00', 'hoat_dong', NULL, NULL, NULL, '5', 1);
INSERT INTO "lich_lam_viec" ("id", "nguoi_dung_id", "ngay", "gio_bat_dau", "gio_ket_thuc", "trang_thai", "thoi_gian_checkin", "thoi_gian_checkout", "trang_thai_cham_cong", "phong_id", "giuong_so") VALUES ('cc5210f7-c9d8-4ac3-982e-7416d070c611', '00000000-0000-0000-0000-000000000010', '2026-07-05T17:00:00.000Z', '08:00:00', '17:00:00', 'hoat_dong', NULL, NULL, NULL, '3', 1);
INSERT INTO "lich_lam_viec" ("id", "nguoi_dung_id", "ngay", "gio_bat_dau", "gio_ket_thuc", "trang_thai", "thoi_gian_checkin", "thoi_gian_checkout", "trang_thai_cham_cong", "phong_id", "giuong_so") VALUES ('e0c49d98-2640-4f9a-8ede-96783eb9c1ea', '00000000-0000-0000-0000-000000000005', '2026-07-06T17:00:00.000Z', '08:00:00', '17:00:00', 'hoat_dong', NULL, NULL, NULL, '1', NULL);
INSERT INTO "lich_lam_viec" ("id", "nguoi_dung_id", "ngay", "gio_bat_dau", "gio_ket_thuc", "trang_thai", "thoi_gian_checkin", "thoi_gian_checkout", "trang_thai_cham_cong", "phong_id", "giuong_so") VALUES ('512f1b4f-a636-47d7-915b-0e855fddbfad', '00000000-0000-0000-0000-000000000006', '2026-07-06T17:00:00.000Z', '08:00:00', '17:00:00', 'hoat_dong', NULL, NULL, NULL, '2', NULL);
INSERT INTO "lich_lam_viec" ("id", "nguoi_dung_id", "ngay", "gio_bat_dau", "gio_ket_thuc", "trang_thai", "thoi_gian_checkin", "thoi_gian_checkout", "trang_thai_cham_cong", "phong_id", "giuong_so") VALUES ('0f71b499-558c-4d69-a30c-837b75f5b6de', '00000000-0000-0000-0000-000000000007', '2026-07-06T17:00:00.000Z', '08:00:00', '17:00:00', 'hoat_dong', NULL, NULL, NULL, '7', 1);
INSERT INTO "lich_lam_viec" ("id", "nguoi_dung_id", "ngay", "gio_bat_dau", "gio_ket_thuc", "trang_thai", "thoi_gian_checkin", "thoi_gian_checkout", "trang_thai_cham_cong", "phong_id", "giuong_so") VALUES ('c1185eaa-edc0-404d-b67e-1247a2bc2584', '00000000-0000-0000-0000-000000000008', '2026-07-06T17:00:00.000Z', '08:00:00', '17:00:00', 'hoat_dong', NULL, NULL, NULL, '4', 1);
INSERT INTO "lich_lam_viec" ("id", "nguoi_dung_id", "ngay", "gio_bat_dau", "gio_ket_thuc", "trang_thai", "thoi_gian_checkin", "thoi_gian_checkout", "trang_thai_cham_cong", "phong_id", "giuong_so") VALUES ('7cddf1d3-48e8-46a0-b059-e3a501d15ddc', '00000000-0000-0000-0000-000000000009', '2026-07-06T17:00:00.000Z', '08:00:00', '17:00:00', 'hoat_dong', NULL, NULL, NULL, '5', 1);
INSERT INTO "lich_lam_viec" ("id", "nguoi_dung_id", "ngay", "gio_bat_dau", "gio_ket_thuc", "trang_thai", "thoi_gian_checkin", "thoi_gian_checkout", "trang_thai_cham_cong", "phong_id", "giuong_so") VALUES ('63a517d8-62da-46cd-b9e1-d6f66ca9adfc', '00000000-0000-0000-0000-000000000010', '2026-07-06T17:00:00.000Z', '08:00:00', '17:00:00', 'hoat_dong', NULL, NULL, NULL, '3', 1);
INSERT INTO "lich_lam_viec" ("id", "nguoi_dung_id", "ngay", "gio_bat_dau", "gio_ket_thuc", "trang_thai", "thoi_gian_checkin", "thoi_gian_checkout", "trang_thai_cham_cong", "phong_id", "giuong_so") VALUES ('487e1c8e-e1bc-474a-99af-ed04f5bd05b9', '00000000-0000-0000-0000-000000000005', '2026-07-07T17:00:00.000Z', '08:00:00', '17:00:00', 'hoat_dong', NULL, NULL, NULL, '1', NULL);
INSERT INTO "lich_lam_viec" ("id", "nguoi_dung_id", "ngay", "gio_bat_dau", "gio_ket_thuc", "trang_thai", "thoi_gian_checkin", "thoi_gian_checkout", "trang_thai_cham_cong", "phong_id", "giuong_so") VALUES ('10ca9d33-f3f5-4114-a0d7-af8be8a2b629', '00000000-0000-0000-0000-000000000006', '2026-07-07T17:00:00.000Z', '08:00:00', '17:00:00', 'hoat_dong', NULL, NULL, NULL, '2', NULL);
INSERT INTO "lich_lam_viec" ("id", "nguoi_dung_id", "ngay", "gio_bat_dau", "gio_ket_thuc", "trang_thai", "thoi_gian_checkin", "thoi_gian_checkout", "trang_thai_cham_cong", "phong_id", "giuong_so") VALUES ('c1ac23ed-f8bf-4b84-be1a-9ebe3749982b', '00000000-0000-0000-0000-000000000007', '2026-07-07T17:00:00.000Z', '08:00:00', '17:00:00', 'hoat_dong', NULL, NULL, NULL, '7', 1);
INSERT INTO "lich_lam_viec" ("id", "nguoi_dung_id", "ngay", "gio_bat_dau", "gio_ket_thuc", "trang_thai", "thoi_gian_checkin", "thoi_gian_checkout", "trang_thai_cham_cong", "phong_id", "giuong_so") VALUES ('f55c3214-03ee-4c44-b60a-332e438d3d7d', '00000000-0000-0000-0000-000000000008', '2026-07-07T17:00:00.000Z', '08:00:00', '17:00:00', 'hoat_dong', NULL, NULL, NULL, '4', 1);
INSERT INTO "lich_lam_viec" ("id", "nguoi_dung_id", "ngay", "gio_bat_dau", "gio_ket_thuc", "trang_thai", "thoi_gian_checkin", "thoi_gian_checkout", "trang_thai_cham_cong", "phong_id", "giuong_so") VALUES ('0e50a040-2e47-4fb1-a87d-13ec4516ae45', '00000000-0000-0000-0000-000000000009', '2026-07-07T17:00:00.000Z', '08:00:00', '17:00:00', 'hoat_dong', NULL, NULL, NULL, '5', 1);
INSERT INTO "lich_lam_viec" ("id", "nguoi_dung_id", "ngay", "gio_bat_dau", "gio_ket_thuc", "trang_thai", "thoi_gian_checkin", "thoi_gian_checkout", "trang_thai_cham_cong", "phong_id", "giuong_so") VALUES ('cb81c585-ba03-44cb-b3cf-183296c23a06', '00000000-0000-0000-0000-000000000010', '2026-07-07T17:00:00.000Z', '08:00:00', '17:00:00', 'hoat_dong', NULL, NULL, NULL, '3', 1);
INSERT INTO "lich_lam_viec" ("id", "nguoi_dung_id", "ngay", "gio_bat_dau", "gio_ket_thuc", "trang_thai", "thoi_gian_checkin", "thoi_gian_checkout", "trang_thai_cham_cong", "phong_id", "giuong_so") VALUES ('03de21b8-88d4-4c01-a7cf-c24b86cef198', '00000000-0000-0000-0000-000000000005', '2026-07-08T17:00:00.000Z', '08:00:00', '17:00:00', 'hoat_dong', NULL, NULL, NULL, '1', NULL);
INSERT INTO "lich_lam_viec" ("id", "nguoi_dung_id", "ngay", "gio_bat_dau", "gio_ket_thuc", "trang_thai", "thoi_gian_checkin", "thoi_gian_checkout", "trang_thai_cham_cong", "phong_id", "giuong_so") VALUES ('886c01ca-ab95-4921-898c-adfc344769c9', '00000000-0000-0000-0000-000000000006', '2026-07-08T17:00:00.000Z', '08:00:00', '17:00:00', 'hoat_dong', NULL, NULL, NULL, '2', NULL);
INSERT INTO "lich_lam_viec" ("id", "nguoi_dung_id", "ngay", "gio_bat_dau", "gio_ket_thuc", "trang_thai", "thoi_gian_checkin", "thoi_gian_checkout", "trang_thai_cham_cong", "phong_id", "giuong_so") VALUES ('9ec7f231-eeb1-45be-8b29-442256a2ed93', '00000000-0000-0000-0000-000000000007', '2026-07-08T17:00:00.000Z', '08:00:00', '17:00:00', 'hoat_dong', NULL, NULL, NULL, '7', 1);
INSERT INTO "lich_lam_viec" ("id", "nguoi_dung_id", "ngay", "gio_bat_dau", "gio_ket_thuc", "trang_thai", "thoi_gian_checkin", "thoi_gian_checkout", "trang_thai_cham_cong", "phong_id", "giuong_so") VALUES ('304fafc3-ddb4-4537-bc84-30b6c76e7310', '00000000-0000-0000-0000-000000000008', '2026-07-08T17:00:00.000Z', '08:00:00', '17:00:00', 'hoat_dong', NULL, NULL, NULL, '4', 1);
INSERT INTO "lich_lam_viec" ("id", "nguoi_dung_id", "ngay", "gio_bat_dau", "gio_ket_thuc", "trang_thai", "thoi_gian_checkin", "thoi_gian_checkout", "trang_thai_cham_cong", "phong_id", "giuong_so") VALUES ('9cf668c8-f552-460b-9628-9500639221b0', '00000000-0000-0000-0000-000000000009', '2026-07-08T17:00:00.000Z', '08:00:00', '17:00:00', 'hoat_dong', NULL, NULL, NULL, '5', 1);
INSERT INTO "lich_lam_viec" ("id", "nguoi_dung_id", "ngay", "gio_bat_dau", "gio_ket_thuc", "trang_thai", "thoi_gian_checkin", "thoi_gian_checkout", "trang_thai_cham_cong", "phong_id", "giuong_so") VALUES ('ef5dee24-2712-49fd-a01f-3e5a1a008f9d', '00000000-0000-0000-0000-000000000010', '2026-07-08T17:00:00.000Z', '08:00:00', '17:00:00', 'hoat_dong', NULL, NULL, NULL, '3', 1);
INSERT INTO "lich_lam_viec" ("id", "nguoi_dung_id", "ngay", "gio_bat_dau", "gio_ket_thuc", "trang_thai", "thoi_gian_checkin", "thoi_gian_checkout", "trang_thai_cham_cong", "phong_id", "giuong_so") VALUES ('5ed523ac-82b6-4d17-8239-f047818a7a6a', '00000000-0000-0000-0000-000000000005', '2026-07-09T17:00:00.000Z', '08:00:00', '17:00:00', 'hoat_dong', NULL, NULL, NULL, '1', NULL);
INSERT INTO "lich_lam_viec" ("id", "nguoi_dung_id", "ngay", "gio_bat_dau", "gio_ket_thuc", "trang_thai", "thoi_gian_checkin", "thoi_gian_checkout", "trang_thai_cham_cong", "phong_id", "giuong_so") VALUES ('877f1cf2-7de6-466f-9817-2c940197ad47', '00000000-0000-0000-0000-000000000006', '2026-07-09T17:00:00.000Z', '08:00:00', '17:00:00', 'hoat_dong', NULL, NULL, NULL, '2', NULL);
INSERT INTO "lich_lam_viec" ("id", "nguoi_dung_id", "ngay", "gio_bat_dau", "gio_ket_thuc", "trang_thai", "thoi_gian_checkin", "thoi_gian_checkout", "trang_thai_cham_cong", "phong_id", "giuong_so") VALUES ('8cf2800f-8422-4181-88bf-92467607d710', '00000000-0000-0000-0000-000000000007', '2026-07-09T17:00:00.000Z', '08:00:00', '17:00:00', 'hoat_dong', NULL, NULL, NULL, '7', 1);
INSERT INTO "lich_lam_viec" ("id", "nguoi_dung_id", "ngay", "gio_bat_dau", "gio_ket_thuc", "trang_thai", "thoi_gian_checkin", "thoi_gian_checkout", "trang_thai_cham_cong", "phong_id", "giuong_so") VALUES ('cff70d20-6df0-420c-a5cc-7f0ed9309bcb', '00000000-0000-0000-0000-000000000008', '2026-07-09T17:00:00.000Z', '08:00:00', '17:00:00', 'hoat_dong', NULL, NULL, NULL, '4', 1);
INSERT INTO "lich_lam_viec" ("id", "nguoi_dung_id", "ngay", "gio_bat_dau", "gio_ket_thuc", "trang_thai", "thoi_gian_checkin", "thoi_gian_checkout", "trang_thai_cham_cong", "phong_id", "giuong_so") VALUES ('8f9ef1c4-34d4-4aa1-ab49-febbe615967b', '00000000-0000-0000-0000-000000000009', '2026-07-09T17:00:00.000Z', '08:00:00', '17:00:00', 'hoat_dong', NULL, NULL, NULL, '5', 1);
INSERT INTO "lich_lam_viec" ("id", "nguoi_dung_id", "ngay", "gio_bat_dau", "gio_ket_thuc", "trang_thai", "thoi_gian_checkin", "thoi_gian_checkout", "trang_thai_cham_cong", "phong_id", "giuong_so") VALUES ('216a61b7-d649-4278-8621-7d7d67bd48e0', '00000000-0000-0000-0000-000000000010', '2026-07-09T17:00:00.000Z', '08:00:00', '17:00:00', 'hoat_dong', NULL, NULL, NULL, '3', 1);
INSERT INTO "lich_lam_viec" ("id", "nguoi_dung_id", "ngay", "gio_bat_dau", "gio_ket_thuc", "trang_thai", "thoi_gian_checkin", "thoi_gian_checkout", "trang_thai_cham_cong", "phong_id", "giuong_so") VALUES ('898541d3-8b9a-411d-bbcc-804274fa11c2', '00000000-0000-0000-0000-000000000005', '2026-07-10T17:00:00.000Z', '08:00:00', '17:00:00', 'hoat_dong', NULL, NULL, NULL, '1', NULL);
INSERT INTO "lich_lam_viec" ("id", "nguoi_dung_id", "ngay", "gio_bat_dau", "gio_ket_thuc", "trang_thai", "thoi_gian_checkin", "thoi_gian_checkout", "trang_thai_cham_cong", "phong_id", "giuong_so") VALUES ('573ddeaa-0fd9-450a-b0b0-1d0cca6906a7', '00000000-0000-0000-0000-000000000006', '2026-07-10T17:00:00.000Z', '08:00:00', '17:00:00', 'hoat_dong', NULL, NULL, NULL, '2', NULL);
INSERT INTO "lich_lam_viec" ("id", "nguoi_dung_id", "ngay", "gio_bat_dau", "gio_ket_thuc", "trang_thai", "thoi_gian_checkin", "thoi_gian_checkout", "trang_thai_cham_cong", "phong_id", "giuong_so") VALUES ('c2d17f12-209d-4d0a-82c5-3425cb0e148d', '00000000-0000-0000-0000-000000000007', '2026-07-10T17:00:00.000Z', '08:00:00', '17:00:00', 'hoat_dong', NULL, NULL, NULL, '7', 1);
INSERT INTO "lich_lam_viec" ("id", "nguoi_dung_id", "ngay", "gio_bat_dau", "gio_ket_thuc", "trang_thai", "thoi_gian_checkin", "thoi_gian_checkout", "trang_thai_cham_cong", "phong_id", "giuong_so") VALUES ('41d76fa1-889d-4589-8d8d-5ae64b9d00ec', '00000000-0000-0000-0000-000000000008', '2026-07-10T17:00:00.000Z', '08:00:00', '17:00:00', 'hoat_dong', NULL, NULL, NULL, '4', 1);
INSERT INTO "lich_lam_viec" ("id", "nguoi_dung_id", "ngay", "gio_bat_dau", "gio_ket_thuc", "trang_thai", "thoi_gian_checkin", "thoi_gian_checkout", "trang_thai_cham_cong", "phong_id", "giuong_so") VALUES ('884e44d3-110f-4832-bc46-cd28b40c0511', '00000000-0000-0000-0000-000000000009', '2026-07-10T17:00:00.000Z', '08:00:00', '17:00:00', 'hoat_dong', NULL, NULL, NULL, '5', 1);
INSERT INTO "lich_lam_viec" ("id", "nguoi_dung_id", "ngay", "gio_bat_dau", "gio_ket_thuc", "trang_thai", "thoi_gian_checkin", "thoi_gian_checkout", "trang_thai_cham_cong", "phong_id", "giuong_so") VALUES ('c1ab006c-42a3-4d28-8b54-b496de5e4664', '00000000-0000-0000-0000-000000000010', '2026-07-10T17:00:00.000Z', '08:00:00', '17:00:00', 'hoat_dong', NULL, NULL, NULL, '3', 1);
INSERT INTO "lich_lam_viec" ("id", "nguoi_dung_id", "ngay", "gio_bat_dau", "gio_ket_thuc", "trang_thai", "thoi_gian_checkin", "thoi_gian_checkout", "trang_thai_cham_cong", "phong_id", "giuong_so") VALUES ('c262a946-d3e0-4c2e-8573-925fe576c45f', '00000000-0000-0000-0000-000000000005', '2026-07-11T17:00:00.000Z', '08:00:00', '17:00:00', 'hoat_dong', NULL, NULL, NULL, '1', NULL);
INSERT INTO "lich_lam_viec" ("id", "nguoi_dung_id", "ngay", "gio_bat_dau", "gio_ket_thuc", "trang_thai", "thoi_gian_checkin", "thoi_gian_checkout", "trang_thai_cham_cong", "phong_id", "giuong_so") VALUES ('04d4cc99-bb44-4891-9acb-29fff13bc330', '00000000-0000-0000-0000-000000000006', '2026-07-11T17:00:00.000Z', '08:00:00', '17:00:00', 'hoat_dong', NULL, NULL, NULL, '2', NULL);
INSERT INTO "lich_lam_viec" ("id", "nguoi_dung_id", "ngay", "gio_bat_dau", "gio_ket_thuc", "trang_thai", "thoi_gian_checkin", "thoi_gian_checkout", "trang_thai_cham_cong", "phong_id", "giuong_so") VALUES ('0fd797a0-5977-4a64-9094-350f6927f02c', '00000000-0000-0000-0000-000000000007', '2026-07-11T17:00:00.000Z', '08:00:00', '17:00:00', 'hoat_dong', NULL, NULL, NULL, '7', 1);
INSERT INTO "lich_lam_viec" ("id", "nguoi_dung_id", "ngay", "gio_bat_dau", "gio_ket_thuc", "trang_thai", "thoi_gian_checkin", "thoi_gian_checkout", "trang_thai_cham_cong", "phong_id", "giuong_so") VALUES ('2625fbdc-f975-4756-92f9-faa25d441019', '00000000-0000-0000-0000-000000000008', '2026-07-11T17:00:00.000Z', '08:00:00', '17:00:00', 'hoat_dong', NULL, NULL, NULL, '4', 1);
INSERT INTO "lich_lam_viec" ("id", "nguoi_dung_id", "ngay", "gio_bat_dau", "gio_ket_thuc", "trang_thai", "thoi_gian_checkin", "thoi_gian_checkout", "trang_thai_cham_cong", "phong_id", "giuong_so") VALUES ('ae462782-1413-4135-a49a-13bd3a5a3cfe', '00000000-0000-0000-0000-000000000009', '2026-07-11T17:00:00.000Z', '08:00:00', '17:00:00', 'hoat_dong', NULL, NULL, NULL, '5', 1);
INSERT INTO "lich_lam_viec" ("id", "nguoi_dung_id", "ngay", "gio_bat_dau", "gio_ket_thuc", "trang_thai", "thoi_gian_checkin", "thoi_gian_checkout", "trang_thai_cham_cong", "phong_id", "giuong_so") VALUES ('f23ab1b6-f2f6-4b35-9afd-2ce03b88482e', '00000000-0000-0000-0000-000000000010', '2026-07-11T17:00:00.000Z', '08:00:00', '17:00:00', 'hoat_dong', NULL, NULL, NULL, '3', 1);
INSERT INTO "lich_lam_viec" ("id", "nguoi_dung_id", "ngay", "gio_bat_dau", "gio_ket_thuc", "trang_thai", "thoi_gian_checkin", "thoi_gian_checkout", "trang_thai_cham_cong", "phong_id", "giuong_so") VALUES ('d978eb33-d21e-4b01-9fca-62ef398e18ea', '00000000-0000-0000-0000-000000000005', '2026-07-12T17:00:00.000Z', '08:00:00', '17:00:00', 'hoat_dong', NULL, NULL, NULL, '1', NULL);
INSERT INTO "lich_lam_viec" ("id", "nguoi_dung_id", "ngay", "gio_bat_dau", "gio_ket_thuc", "trang_thai", "thoi_gian_checkin", "thoi_gian_checkout", "trang_thai_cham_cong", "phong_id", "giuong_so") VALUES ('45e44b23-4fbb-436a-8576-a9000d335c50', '00000000-0000-0000-0000-000000000006', '2026-07-12T17:00:00.000Z', '08:00:00', '17:00:00', 'hoat_dong', NULL, NULL, NULL, '2', NULL);
INSERT INTO "lich_lam_viec" ("id", "nguoi_dung_id", "ngay", "gio_bat_dau", "gio_ket_thuc", "trang_thai", "thoi_gian_checkin", "thoi_gian_checkout", "trang_thai_cham_cong", "phong_id", "giuong_so") VALUES ('55dcf620-38b3-4963-9182-62185a1b35ef', '00000000-0000-0000-0000-000000000007', '2026-07-12T17:00:00.000Z', '08:00:00', '17:00:00', 'hoat_dong', NULL, NULL, NULL, '7', 1);
INSERT INTO "lich_lam_viec" ("id", "nguoi_dung_id", "ngay", "gio_bat_dau", "gio_ket_thuc", "trang_thai", "thoi_gian_checkin", "thoi_gian_checkout", "trang_thai_cham_cong", "phong_id", "giuong_so") VALUES ('e27d2a74-5321-4499-982b-f1936b5488cc', '00000000-0000-0000-0000-000000000008', '2026-07-12T17:00:00.000Z', '08:00:00', '17:00:00', 'hoat_dong', NULL, NULL, NULL, '4', 1);
INSERT INTO "lich_lam_viec" ("id", "nguoi_dung_id", "ngay", "gio_bat_dau", "gio_ket_thuc", "trang_thai", "thoi_gian_checkin", "thoi_gian_checkout", "trang_thai_cham_cong", "phong_id", "giuong_so") VALUES ('64cf7e9e-ae61-4cf6-a2ce-bbe1bfdf20d9', '00000000-0000-0000-0000-000000000009', '2026-07-12T17:00:00.000Z', '08:00:00', '17:00:00', 'hoat_dong', NULL, NULL, NULL, '5', 1);
INSERT INTO "lich_lam_viec" ("id", "nguoi_dung_id", "ngay", "gio_bat_dau", "gio_ket_thuc", "trang_thai", "thoi_gian_checkin", "thoi_gian_checkout", "trang_thai_cham_cong", "phong_id", "giuong_so") VALUES ('8019b6e6-8e27-4ed2-aa99-7ccac713e4fd', '00000000-0000-0000-0000-000000000010', '2026-07-12T17:00:00.000Z', '08:00:00', '17:00:00', 'hoat_dong', NULL, NULL, NULL, '3', 1);

-- Table: nguoi_dung
TRUNCATE TABLE "nguoi_dung" CASCADE;

INSERT INTO "nguoi_dung" ("id", "ho_ten", "email", "so_dien_thoai", "mat_khau_hash", "vai_tro_id", "trang_thai", "da_xac_thuc_email", "avatar_url", "thoi_gian_tao", "lan_dang_nhap_cuoi", "deleted_at") VALUES ('00000000-0000-0000-0000-000000000002', 'Trần Minh Quản Lý', 'quanly@officecare.vn', '0901000002', '$2b$10$fmDzCTKr9D/J1LPUHTiVROE3Zoa4wASi4gho4xPNpJCOJM0sU0z.S', 6, 'hoat_dong', true, NULL, '2026-06-29T03:59:16.303Z', NULL, NULL);
INSERT INTO "nguoi_dung" ("id", "ho_ten", "email", "so_dien_thoai", "mat_khau_hash", "vai_tro_id", "trang_thai", "da_xac_thuc_email", "avatar_url", "thoi_gian_tao", "lan_dang_nhap_cuoi", "deleted_at") VALUES ('00000000-0000-0000-0000-000000000003', 'Lê Thị Hoa', 'letan1@officecare.vn', '0901000003', '$2b$10$fmDzCTKr9D/J1LPUHTiVROE3Zoa4wASi4gho4xPNpJCOJM0sU0z.S', 2, 'hoat_dong', true, NULL, '2026-06-29T03:59:16.303Z', NULL, NULL);
INSERT INTO "nguoi_dung" ("id", "ho_ten", "email", "so_dien_thoai", "mat_khau_hash", "vai_tro_id", "trang_thai", "da_xac_thuc_email", "avatar_url", "thoi_gian_tao", "lan_dang_nhap_cuoi", "deleted_at") VALUES ('00000000-0000-0000-0000-000000000004', 'Phạm Ngọc Mai', 'letan2@officecare.vn', '0901000004', '$2b$10$fmDzCTKr9D/J1LPUHTiVROE3Zoa4wASi4gho4xPNpJCOJM0sU0z.S', 2, 'hoat_dong', true, NULL, '2026-06-29T03:59:16.303Z', NULL, NULL);
INSERT INTO "nguoi_dung" ("id", "ho_ten", "email", "so_dien_thoai", "mat_khau_hash", "vai_tro_id", "trang_thai", "da_xac_thuc_email", "avatar_url", "thoi_gian_tao", "lan_dang_nhap_cuoi", "deleted_at") VALUES ('00000000-0000-0000-0000-000000000005', 'BS. Nguyễn Văn Khoa', 'bacsi1@officecare.vn', '0901000005', '$2b$10$fmDzCTKr9D/J1LPUHTiVROE3Zoa4wASi4gho4xPNpJCOJM0sU0z.S', 4, 'hoat_dong', true, NULL, '2026-06-29T03:59:16.303Z', NULL, NULL);
INSERT INTO "nguoi_dung" ("id", "ho_ten", "email", "so_dien_thoai", "mat_khau_hash", "vai_tro_id", "trang_thai", "da_xac_thuc_email", "avatar_url", "thoi_gian_tao", "lan_dang_nhap_cuoi", "deleted_at") VALUES ('00000000-0000-0000-0000-000000000006', 'BS. Trần Thị Lan Anh', 'bacsi2@officecare.vn', '0901000006', '$2b$10$fmDzCTKr9D/J1LPUHTiVROE3Zoa4wASi4gho4xPNpJCOJM0sU0z.S', 4, 'hoat_dong', true, NULL, '2026-06-29T03:59:16.303Z', NULL, NULL);
INSERT INTO "nguoi_dung" ("id", "ho_ten", "email", "so_dien_thoai", "mat_khau_hash", "vai_tro_id", "trang_thai", "da_xac_thuc_email", "avatar_url", "thoi_gian_tao", "lan_dang_nhap_cuoi", "deleted_at") VALUES ('00000000-0000-0000-0000-000000000007', 'KTV. Đỗ Thanh Tùng', 'ktv1@officecare.vn', '0901000007', '$2b$10$fmDzCTKr9D/J1LPUHTiVROE3Zoa4wASi4gho4xPNpJCOJM0sU0z.S', 3, 'hoat_dong', true, NULL, '2026-06-29T03:59:16.303Z', NULL, NULL);
INSERT INTO "nguoi_dung" ("id", "ho_ten", "email", "so_dien_thoai", "mat_khau_hash", "vai_tro_id", "trang_thai", "da_xac_thuc_email", "avatar_url", "thoi_gian_tao", "lan_dang_nhap_cuoi", "deleted_at") VALUES ('00000000-0000-0000-0000-000000000008', 'KTV. Nguyễn Thị Bích', 'ktv2@officecare.vn', '0901000008', '$2b$10$fmDzCTKr9D/J1LPUHTiVROE3Zoa4wASi4gho4xPNpJCOJM0sU0z.S', 3, 'hoat_dong', true, NULL, '2026-06-29T03:59:16.303Z', NULL, NULL);
INSERT INTO "nguoi_dung" ("id", "ho_ten", "email", "so_dien_thoai", "mat_khau_hash", "vai_tro_id", "trang_thai", "da_xac_thuc_email", "avatar_url", "thoi_gian_tao", "lan_dang_nhap_cuoi", "deleted_at") VALUES ('00000000-0000-0000-0000-000000000009', 'KTV. Hoàng Văn Minh', 'ktv3@officecare.vn', '0901000009', '$2b$10$fmDzCTKr9D/J1LPUHTiVROE3Zoa4wASi4gho4xPNpJCOJM0sU0z.S', 3, 'hoat_dong', true, NULL, '2026-06-29T03:59:16.303Z', NULL, NULL);
INSERT INTO "nguoi_dung" ("id", "ho_ten", "email", "so_dien_thoai", "mat_khau_hash", "vai_tro_id", "trang_thai", "da_xac_thuc_email", "avatar_url", "thoi_gian_tao", "lan_dang_nhap_cuoi", "deleted_at") VALUES ('00000000-0000-0000-0000-000000000010', 'KTV. Vũ Thị Thanh', 'ktv4@officecare.vn', '0901000010', '$2b$10$fmDzCTKr9D/J1LPUHTiVROE3Zoa4wASi4gho4xPNpJCOJM0sU0z.S', 3, 'hoat_dong', true, NULL, '2026-06-29T03:59:16.303Z', NULL, NULL);
INSERT INTO "nguoi_dung" ("id", "ho_ten", "email", "so_dien_thoai", "mat_khau_hash", "vai_tro_id", "trang_thai", "da_xac_thuc_email", "avatar_url", "thoi_gian_tao", "lan_dang_nhap_cuoi", "deleted_at") VALUES ('00000000-0000-0000-0000-000000000001', 'Nguyễn Admin Hệ Thống', 'admin@officecare.vn', '0901000001', '$2b$10$fmDzCTKr9D/J1LPUHTiVROE3Zoa4wASi4gho4xPNpJCOJM0sU0z.S', 5, 'hoat_dong', true, NULL, '2026-06-29T03:59:16.303Z', '2026-06-29T04:59:35.099Z', NULL);

-- Table: otp_codes
TRUNCATE TABLE "otp_codes" CASCADE;

-- No data for otp_codes

-- Table: phong
TRUNCATE TABLE "phong" CASCADE;

INSERT INTO "phong" ("id", "ten_phong", "ma_phong", "loai_phong", "mo_ta", "trang_thai", "suc_chua") VALUES ('1', 'Phòng Lượng Giá & Khám Lâm Sàng 1', 'P101', 'kham_benh', 'Phòng chẩn đoán lâm sàng của BS. Khoa', 'san_sang', 1);
INSERT INTO "phong" ("id", "ten_phong", "ma_phong", "loai_phong", "mo_ta", "trang_thai", "suc_chua") VALUES ('2', 'Phòng Lượng Giá & Khám Lâm Sàng 2', 'P102', 'kham_benh', 'Phòng chẩn đoán cột sống & tư thế của BS. Lan Anh', 'san_sang', 1);
INSERT INTO "phong" ("id", "ten_phong", "ma_phong", "loai_phong", "mo_ta", "trang_thai", "suc_chua") VALUES ('3', 'Phòng Tập Vận Động Trị Liệu & PHCN', 'P201', 'phong_tap_phcn', 'Khu vực tập vận động tích cực, tập dáng đi và thăng bằng', 'san_sang', 4);
INSERT INTO "phong" ("id", "ten_phong", "ma_phong", "loai_phong", "mo_ta", "trang_thai", "suc_chua") VALUES ('4', 'Phòng Điện Trị Liệu & Laser Công Suất Cao', 'P301', 'phong_tri_lieu_chuan', 'Phòng máy vật lý trị liệu giảm sưng viêm', 'san_sang', 3);
INSERT INTO "phong" ("id", "ten_phong", "ma_phong", "loai_phong", "mo_ta", "trang_thai", "suc_chua") VALUES ('5', 'Phòng Kéo Giãn Giải Áp & Từ Trường', 'P302', 'phong_tri_lieu_chuan', 'Phòng điều trị thoái vị đĩa đệm, giải áp cột sống', 'san_sang', 3);
INSERT INTO "phong" ("id", "ten_phong", "ma_phong", "loai_phong", "mo_ta", "trang_thai", "suc_chua") VALUES ('6', 'Phòng Trị Liệu Bằng Sóng Cơ Học & Siêu Âm', 'P303', 'phong_tri_lieu_chuan', 'Shockwave và Ultrasound tập trung giải điểm đau', 'san_sang', 2);
INSERT INTO "phong" ("id", "ten_phong", "ma_phong", "loai_phong", "mo_ta", "trang_thai", "suc_chua") VALUES ('7', 'Phòng Trị Liệu Cơ Xương Khớp Bằng Tay 1', 'P401', 'phong_tri_lieu_chuan', 'Khu vực nắn chỉnh, di động khớp và trị liệu bằng tay', 'san_sang', 2);
INSERT INTO "phong" ("id", "ten_phong", "ma_phong", "loai_phong", "mo_ta", "trang_thai", "suc_chua") VALUES ('8', 'Phòng Trị Liệu Cơ Xương Khớp Bằng Tay 2', 'P402', 'phong_tri_lieu_chuan', 'Khu vực nắn chỉnh giải phóng màng cơ sâu', 'san_sang', 2);

-- Table: refresh_tokens
TRUNCATE TABLE "refresh_tokens" CASCADE;

INSERT INTO "refresh_tokens" ("id", "nguoi_dung_id", "khach_hang_id", "token", "expires_at", "created_at") VALUES (62, '00000000-0000-0000-0000-000000000001', NULL, 'eyJhbGciOiJIUzI1NiIsInR5cCI6IkpXVCJ9.eyJpZCI6IjAwMDAwMDAwLTAwMDAtMDAwMC0wMDAwLTAwMDAwMDAwMDAwMSIsImlhdCI6MTc4MjcwNjAwOSwiZXhwIjoxNzgzMzEwODA5fQ.S2GX3zNInKOpC8ClFCWCs-KEKunjSSPGWbzQRFb1VUA', '2026-07-06T04:06:49.552Z', '2026-06-29T04:06:49.682Z');
INSERT INTO "refresh_tokens" ("id", "nguoi_dung_id", "khach_hang_id", "token", "expires_at", "created_at") VALUES (63, NULL, 'b87cad0c-8ddd-482d-8f80-15d44fcdda30', 'eyJhbGciOiJIUzI1NiIsInR5cCI6IkpXVCJ9.eyJpZCI6ImI4N2NhZDBjLThkZGQtNDgyZC04ZjgwLTE1ZDQ0ZmNkZGEzMCIsImlhdCI6MTc4MjcwNzUxNiwiZXhwIjoxNzgzMzEyMzE2fQ.tVWEXuEpv96PrJtYdvfpADw66H-azSuFWlvs0ndvbPc', '2026-07-06T04:31:56.102Z', '2026-06-29T04:31:56.129Z');
INSERT INTO "refresh_tokens" ("id", "nguoi_dung_id", "khach_hang_id", "token", "expires_at", "created_at") VALUES (64, NULL, 'a96f5da1-d637-43b8-b56d-ca5c7f8ab4b2', 'eyJhbGciOiJIUzI1NiIsInR5cCI6IkpXVCJ9.eyJpZCI6ImE5NmY1ZGExLWQ2MzctNDNiOC1iNTZkLWNhNWM3ZjhhYjRiMiIsImlhdCI6MTc4MjcwODQ5MSwiZXhwIjoxNzgzMzEzMjkxfQ.m9iPD5I4qvTskY2uU3kj8CCp9l58k47HDnA2N6Ol3ro', '2026-07-06T04:48:11.737Z', '2026-06-29T04:48:11.746Z');
INSERT INTO "refresh_tokens" ("id", "nguoi_dung_id", "khach_hang_id", "token", "expires_at", "created_at") VALUES (65, '00000000-0000-0000-0000-000000000001', NULL, 'eyJhbGciOiJIUzI1NiIsInR5cCI6IkpXVCJ9.eyJpZCI6IjAwMDAwMDAwLTAwMDAtMDAwMC0wMDAwLTAwMDAwMDAwMDAwMSIsImlhdCI6MTc4MjcwODY4MCwiZXhwIjoxNzgzMzEzNDgwfQ.2SGbvTpAKrgkNh83AkkuuPs42qdJW09oaT861WCuhr4', '2026-07-06T04:51:20.265Z', '2026-06-29T04:51:20.280Z');
INSERT INTO "refresh_tokens" ("id", "nguoi_dung_id", "khach_hang_id", "token", "expires_at", "created_at") VALUES (66, NULL, 'e030da5b-2b2c-4c7b-bc15-576577f37840', 'eyJhbGciOiJIUzI1NiIsInR5cCI6IkpXVCJ9.eyJpZCI6ImUwMzBkYTViLTJiMmMtNGM3Yi1iYzE1LTU3NjU3N2YzNzg0MCIsImlhdCI6MTc4MjcwODk4NywiZXhwIjoxNzgzMzEzNzg3fQ.cixK8dftWaFjl5KcJUICxXxwryFXd_pt-It9zRJLZJI', '2026-07-06T04:56:27.707Z', '2026-06-29T04:56:27.738Z');
INSERT INTO "refresh_tokens" ("id", "nguoi_dung_id", "khach_hang_id", "token", "expires_at", "created_at") VALUES (67, '00000000-0000-0000-0000-000000000001', NULL, 'eyJhbGciOiJIUzI1NiIsInR5cCI6IkpXVCJ9.eyJpZCI6IjAwMDAwMDAwLTAwMDAtMDAwMC0wMDAwLTAwMDAwMDAwMDAwMSIsImlhdCI6MTc4MjcwOTE3NSwiZXhwIjoxNzgzMzEzOTc1fQ.qIFgKlra-iLkr6VUWfoLdF3bzPYKhBkieCPQHumFZuo', '2026-07-06T04:59:35.044Z', '2026-06-29T04:59:35.070Z');

-- Table: thanh_toan
TRUNCATE TABLE "thanh_toan" CASCADE;

-- No data for thanh_toan

-- Table: thiet_bi_y_te
TRUNCATE TABLE "thiet_bi_y_te" CASCADE;

INSERT INTO "thiet_bi_y_te" ("id", "ma_thiet_bi", "ten_thiet_bi", "ngay_mua", "trang_thai", "ghi_chu", "thoi_gian_tao", "danh_muc_thiet_bi_id") VALUES ('fbd2247c-82d7-4610-8da1-30dea190f722', 'EQP-GONIO', 'Thước đo khớp cơ học', NULL, 'san_sang', 'Dữ liệu được seed tự động.', '2026-06-29T05:48:14.959Z', NULL);
INSERT INTO "thiet_bi_y_te" ("id", "ma_thiet_bi", "ten_thiet_bi", "ngay_mua", "trang_thai", "ghi_chu", "thoi_gian_tao", "danh_muc_thiet_bi_id") VALUES ('c992533a-d9f2-4238-807a-7503065bba2f', 'EQP-HAMMER', 'Búa phản xạ thần kinh Taylor', NULL, 'san_sang', 'Dữ liệu được seed tự động.', '2026-06-29T05:48:14.959Z', NULL);
INSERT INTO "thiet_bi_y_te" ("id", "ma_thiet_bi", "ten_thiet_bi", "ngay_mua", "trang_thai", "ghi_chu", "thoi_gian_tao", "danh_muc_thiet_bi_id") VALUES ('bf5112b7-0515-4ef2-b802-da54616f5710', 'EQP-BED01', 'Giường trị liệu bằng tay cao cấp 01', NULL, 'san_sang', 'Dữ liệu được seed tự động.', '2026-06-29T05:48:14.959Z', 85);
INSERT INTO "thiet_bi_y_te" ("id", "ma_thiet_bi", "ten_thiet_bi", "ngay_mua", "trang_thai", "ghi_chu", "thoi_gian_tao", "danh_muc_thiet_bi_id") VALUES ('f7b24aed-5d69-41ab-9b30-be308f8efdd5', 'EQP-BED02', 'Giường trị liệu bằng tay cao cấp 02', NULL, 'san_sang', 'Dữ liệu được seed tự động.', '2026-06-29T05:48:14.959Z', 85);
INSERT INTO "thiet_bi_y_te" ("id", "ma_thiet_bi", "ten_thiet_bi", "ngay_mua", "trang_thai", "ghi_chu", "thoi_gian_tao", "danh_muc_thiet_bi_id") VALUES ('562e69ec-bbc4-4ceb-951e-2137e35622c6', 'EQP-CHIRO', 'Giường nắn chỉnh xương khớp chuyên dụng Chiro-Max', NULL, 'san_sang', 'Dữ liệu được seed tự động.', '2026-06-29T05:48:14.959Z', 85);
INSERT INTO "thiet_bi_y_te" ("id", "ma_thiet_bi", "ten_thiet_bi", "ngay_mua", "trang_thai", "ghi_chu", "thoi_gian_tao", "danh_muc_thiet_bi_id") VALUES ('7f617d63-7671-4993-8d32-a809edf86f31', 'EQP-LASER', 'Máy Laser công suất cao BTL-6000 20W', NULL, 'san_sang', 'Dữ liệu được seed tự động.', '2026-06-29T05:48:14.959Z', 97);
INSERT INTO "thiet_bi_y_te" ("id", "ma_thiet_bi", "ten_thiet_bi", "ngay_mua", "trang_thai", "ghi_chu", "thoi_gian_tao", "danh_muc_thiet_bi_id") VALUES ('492d2158-4af6-471a-80b6-f66c5b885e38', 'EQP-SHOCK', 'Máy sóng xung kích Shockwave BTL-6000', NULL, 'san_sang', 'Dữ liệu được seed tự động.', '2026-06-29T05:48:14.959Z', 83);
INSERT INTO "thiet_bi_y_te" ("id", "ma_thiet_bi", "ten_thiet_bi", "ngay_mua", "trang_thai", "ghi_chu", "thoi_gian_tao", "danh_muc_thiet_bi_id") VALUES ('d2468f59-30b9-4bed-abd6-00215bf8427e', 'EQP-ULTRA', 'Máy siêu âm điều trị đa tần BTL-4710', NULL, 'san_sang', 'Dữ liệu được seed tự động.', '2026-06-29T05:48:14.959Z', 81);
INSERT INTO "thiet_bi_y_te" ("id", "ma_thiet_bi", "ten_thiet_bi", "ngay_mua", "trang_thai", "ghi_chu", "thoi_gian_tao", "danh_muc_thiet_bi_id") VALUES ('38c4bb28-532a-439d-b7c6-2026cab8e14b', 'EQP-TRITON', 'Máy kéo giãn cột sống tự động Triton DTS', NULL, 'san_sang', 'Dữ liệu được seed tự động.', '2026-06-29T05:48:14.959Z', 90);
INSERT INTO "thiet_bi_y_te" ("id", "ma_thiet_bi", "ten_thiet_bi", "ngay_mua", "trang_thai", "ghi_chu", "thoi_gian_tao", "danh_muc_thiet_bi_id") VALUES ('649fc469-4102-445f-be56-c911d65b2ba2', 'EQP-MAT', 'Thảm tập Kinetic Rehab', NULL, 'san_sang', 'Dữ liệu được seed tự động.', '2026-06-29T05:48:14.959Z', NULL);
INSERT INTO "thiet_bi_y_te" ("id", "ma_thiet_bi", "ten_thiet_bi", "ngay_mua", "trang_thai", "ghi_chu", "thoi_gian_tao", "danh_muc_thiet_bi_id") VALUES ('0e59e01b-fc3b-4385-8966-a9577d18714c', 'EQP-BAND', 'Dây kháng lực Theraband', NULL, 'san_sang', 'Dữ liệu được seed tự động.', '2026-06-29T05:48:14.959Z', NULL);
INSERT INTO "thiet_bi_y_te" ("id", "ma_thiet_bi", "ten_thiet_bi", "ngay_mua", "trang_thai", "ghi_chu", "thoi_gian_tao", "danh_muc_thiet_bi_id") VALUES ('5b85e8a7-2c94-403d-8862-3d70e41a9429', 'EQP-YOGA', 'Bóng yoga tròn', NULL, 'san_sang', 'Dữ liệu được seed tự động.', '2026-06-29T05:48:14.959Z', NULL);
INSERT INTO "thiet_bi_y_te" ("id", "ma_thiet_bi", "ten_thiet_bi", "ngay_mua", "trang_thai", "ghi_chu", "thoi_gian_tao", "danh_muc_thiet_bi_id") VALUES ('838b0fac-b24a-4ec4-9e9a-17fc3a2d1f28', 'EQP-BALL', 'Bóng tập giữ thăng bằng', NULL, 'san_sang', 'Dữ liệu được seed tự động.', '2026-06-29T05:48:14.959Z', NULL);
INSERT INTO "thiet_bi_y_te" ("id", "ma_thiet_bi", "ten_thiet_bi", "ngay_mua", "trang_thai", "ghi_chu", "thoi_gian_tao", "danh_muc_thiet_bi_id") VALUES ('bbc2ccab-a973-4564-bc83-1a8230513d78', 'EQP-STICK', 'Gậy gỗ tập vận động khớp vai', NULL, 'san_sang', 'Dữ liệu được seed tự động.', '2026-06-29T05:48:14.959Z', NULL);
INSERT INTO "thiet_bi_y_te" ("id", "ma_thiet_bi", "ten_thiet_bi", "ngay_mua", "trang_thai", "ghi_chu", "thoi_gian_tao", "danh_muc_thiet_bi_id") VALUES ('e84094e7-da8b-439b-b8fe-8ac8f8f222d8', 'EQP-MULTI', 'Máy tập đa năng phục hồi chức năng', NULL, 'san_sang', 'Dữ liệu được seed tự động.', '2026-06-29T05:48:14.959Z', NULL);

-- Table: thong_bao
TRUNCATE TABLE "thong_bao" CASCADE;

INSERT INTO "thong_bao" ("id", "nguoi_dung_id", "khach_hang_id", "tieu_de", "noi_dung", "loai", "da_doc", "thoi_gian_tao") VALUES ('a370dd46-3113-41ac-887d-66283c40288a', NULL, 'b87cad0c-8ddd-482d-8f80-15d44fcdda30', 'Cập nhật trạng thái lịch khám', 'Lịch khám "Khám lâm sàng & Lượng giá chức năng cơ xương khớp" (Mã: LD-81772) của bạn đã được Lễ tân duyệt thành công. Phòng khám: Phòng Lượng Giá & Khám Lâm Sàng 1. Bác sĩ/KTV phụ trách: BS. Nguyễn Văn Khoa.', 'lich_hen', false, '2026-06-29T04:54:36.816Z');
INSERT INTO "thong_bao" ("id", "nguoi_dung_id", "khach_hang_id", "tieu_de", "noi_dung", "loai", "da_doc", "thoi_gian_tao") VALUES ('b29c7c06-f4f7-4f6b-8c28-12f5825082e3', NULL, 'a96f5da1-d637-43b8-b56d-ca5c7f8ab4b2', 'Cập nhật trạng thái lịch khám', 'Lịch khám "Khám lâm sàng & Lượng giá chức năng cơ xương khớp" (Mã: LD-97405) của bạn đã được Lễ tân duyệt thành công. Phòng khám: Phòng Lượng Giá & Khám Lâm Sàng 2. Bác sĩ/KTV phụ trách: BS. Trần Thị Lan Anh.', 'lich_hen', false, '2026-06-29T04:54:59.453Z');

-- Table: vai_tro
TRUNCATE TABLE "vai_tro" CASCADE;

INSERT INTO "vai_tro" ("id", "ma_vai_tro", "ten_hien_thi", "mo_ta_quyen") VALUES (1, 'khach_hang', 'Khách hàng', 'Xem lịch của mình, đặt lịch, xem gói, gửi feedback');
INSERT INTO "vai_tro" ("id", "ma_vai_tro", "ten_hien_thi", "mo_ta_quyen") VALUES (2, 'le_tan', 'Lễ tân', 'Quản lý lịch hẹn, check-in, tạo hóa đơn, thu tiền');
INSERT INTO "vai_tro" ("id", "ma_vai_tro", "ten_hien_thi", "mo_ta_quyen") VALUES (3, 'ky_thuat_vien', 'Kỹ thuật viên', 'Xem lịch của mình, tạo đánh giá, ghi chú buổi, đề xuất gói');
INSERT INTO "vai_tro" ("id", "ma_vai_tro", "ten_hien_thi", "mo_ta_quyen") VALUES (4, 'bac_si', 'Bác sĩ', 'Quản lý phác đồ điều trị, chẩn đoán, xem hồ sơ bệnh án');
INSERT INTO "vai_tro" ("id", "ma_vai_tro", "ten_hien_thi", "mo_ta_quyen") VALUES (5, 'admin', 'Quản trị viên', 'Toàn quyền hệ thống');
INSERT INTO "vai_tro" ("id", "ma_vai_tro", "ten_hien_thi", "mo_ta_quyen") VALUES (6, 'quan_ly', 'Quản lý', 'Quản lý chung hệ thống phòng khám, nhân sự và tài chính');

-- Table: voucher
TRUNCATE TABLE "voucher" CASCADE;

INSERT INTO "voucher" ("id", "ma_voucher", "ten_chien_dich", "loai_giam", "gia_tri_giam", "giam_toi_da", "don_hang_toi_thieu", "so_luong_toi_da", "so_luong_da_dung", "ngay_bat_dau", "ngay_het_han", "tao_boi", "trang_thai", "thoi_gian_tao", "yeu_cau_thanh_toan") VALUES ('50000000-0000-0000-0000-000000000001', 'WELCOME10', 'Chào mừng khách mới - Giảm 10%', 'phan_tram', '10', '200000', '500000', 100, 0, '2026-06-28T17:00:00.000Z', '2026-09-26T17:00:00.000Z', '00000000-0000-0000-0000-000000000001', 'hoat_dong', '2026-06-29T03:59:16.324Z', 'tat_ca');
INSERT INTO "voucher" ("id", "ma_voucher", "ten_chien_dich", "loai_giam", "gia_tri_giam", "giam_toi_da", "don_hang_toi_thieu", "so_luong_toi_da", "so_luong_da_dung", "ngay_bat_dau", "ngay_het_han", "tao_boi", "trang_thai", "thoi_gian_tao", "yeu_cau_thanh_toan") VALUES ('50000000-0000-0000-0000-000000000002', 'SUMMER200', 'Khuyến mãi mùa hè - Giảm 200k', 'co_dinh', '200000', '200000', '1000000', 50, 0, '2026-06-28T17:00:00.000Z', '2026-07-28T17:00:00.000Z', '00000000-0000-0000-0000-000000000001', 'hoat_dong', '2026-06-29T03:59:16.324Z', 'tat_ca');
INSERT INTO "voucher" ("id", "ma_voucher", "ten_chien_dich", "loai_giam", "gia_tri_giam", "giam_toi_da", "don_hang_toi_thieu", "so_luong_toi_da", "so_luong_da_dung", "ngay_bat_dau", "ngay_het_han", "tao_boi", "trang_thai", "thoi_gian_tao", "yeu_cau_thanh_toan") VALUES ('50000000-0000-0000-0000-000000000003', 'LOYAL15', 'Khách hàng thân thiết - Giảm 15%', 'phan_tram', '15', '500000', '2000000', 200, 0, '2026-06-28T17:00:00.000Z', '2026-12-25T17:00:00.000Z', '00000000-0000-0000-0000-000000000001', 'hoat_dong', '2026-06-29T03:59:16.324Z', 'tat_ca');

SET session_replication_role = 'origin';
